Workbook
Name dualWielder: v2.1!$AZ$44
Name thrown: v2.1!$AX$44
Name thrownText: v2.1!$AX$43
Name intMod: v2.1!$C$28
Name ClericLevel: 'Class Info'!$AP$24
Name greatWeaponFighting: v2.1!$AT$44
Name race: v2.1!$AQ$5
Name name: v2.1!$C$6
Name racialSpeed: v2.1!$AT$5
Name unarmedFighting: v2.1!$AY$44
Name FighterLevel: 'Class Info'!$AP$43
Name chaMod: v2.1!$C$38
Name unarmedText: v2.1!$AY$43
Name MonkLevel: 'Class Info'!$AP$52
Name twoWeaponFighting: v2.1!$AU$44
Name twfText: v2.1!$AU$43
Name invocations: v2.1!$AQ$61
Name spellAttackBonus: v2.1!$AI$91
Name WarlockLevel: 'Class Info'!$AP$88
Name closeQuarters: v2.1!$AW$44
Name castingClass: v2.1!$C$91
Name weaponProficiencies: v2.1!$I$50
Name armorProficiencies: v2.1!$AQ$65
Name dexMod: v2.1!$C$18
Name naturalArmorAC: v2.1!$AS$26
Name mariner: v2.1!$AV$44
Name armor: v2.1!$AQ$24
Name classAndLevel: v2.1!$T$5
Name strMod: v2.1!$C$13
Name proficiencyBonus: v2.1!$H$14
Name PaladinLevel: 'Class Info'!$AP$60
Name casterLevel: v2.1!$AT$16
Name WizardLevel: 'Class Info'!$AP$95
Name defense: v2.1!$AR$44
Name duelingText: v2.1!$AS$43
Name SorcererLevel: 'Class Info'!$AP$82
Name armoredAC: v2.1!$AQ$26
Name shield: v2.1!$AQ$25
Name speedBonus: v2.1!$AQ$18
Name dueling: v2.1!$AS$44
Name RogueLevel: 'Class Info'!$AP$74
Name DruidLevel: 'Class Info'!$AP$37
Name RangerLevel: 'Class Info'!$AP$68
Name closeQuartersText: v2.1!$AW$43
Name archeryText: v2.1!$AQ$43
Name averageHitPoints: v2.1!$AU$16
Name unarmoredAC: v2.1!$AR$26
Name gwfText: v2.1!$AT$43
Name jackOfAllTrades: v2.1!$AQ$59
Name archery: v2.1!$AQ$44
Name BardLevel: 'Class Info'!$AP$18
Name feats: v2.1!$AQ$60
Name level: v2.1!$AL$6
Name BarbarianLevel: 'Class Info'!$AP$11
Name monkMagic: 'Attack Info'!$AP$1
Name castingAbility: v2.1!$U$91
Name altClassBasedAC: v2.1!$AT$26
Name wisMod: v2.1!$C$33
Name fightingStyles: v2.1!$AQ$62
Name raceResists: v2.1!$AV$5

Sheet v2.1
A2: =if(C174="",if(isnumber(find("Zim",C6)),image("https://i.imgur.com/T5OD9a5.png",2),if(and(AV16<>"",countif(AQ155:AQ180,AV16)),image(vlookup(AV16,AQ155:AS180,2,false),2),image("http://i.imgur.com/3GVZzam.png",2))),image(vlookup(C174,AQ155:AS180,2,false),2)) | T2: =if(and(name="",classAndLevel="",race="",level="",C16=0,C21=0,C26=0,C31=0,C36=0,C41=0),"Click [File] then [Make a copy...] to use the sheet for yourself.",if(and(sum(AT6:AT15)<>level,classAndLevel<>""),"Total class levels must equal character level","")) | AQ2: Hide these columns. There should be no need to alter them (mostly). Customization and homebrew are mostly handled by the Info pages.
S3: =if(C174="Magic",IMAGE("http://i.imgur.com/2jwsXWa.png",2),"") | T3: =if(and(name="",classAndLevel="",race="",level="",C16=0,C21=0,C26=0,C31=0,C36=0,C41=0),"Check [?] for help. And read all the notes!",if(and(sum(AT6:AT15)<>level,classAndLevel<>""),"If you are using a homebrew class, enter its details on the Class Info page.",""))
S4: =IMAGE("https://i.imgur.com/OlUFGxq.png",2) | AO4: =IMAGE("http://i.imgur.com/nWCUyCa.png",2) | AQ4: 2.1
T5: Chronurgy Wizard | AK5: =if(AL6<5,IMAGE("http://i.imgur.com/zDHOU0r.png",2),if(AL6<11,IMAGE("http://i.imgur.com/0jIT5AA.png",2),if(AL6<17,IMAGE("http://i.imgur.com/qN7jDhM.png",2),IMAGE("http://i.imgur.com/brqhftZ.png",2)))) | AL5: LEVEL | AN5: =if(AL6<5,IMAGE("http://i.imgur.com/stPe4fo.png",2),if(AL6<11,IMAGE("http://i.imgur.com/PVGeU3d.png",2),if(AL6<17,IMAGE("http://i.imgur.com/mnwcuFl.png",2),IMAGE("http://i.imgur.com/TfiOReG.png",2)))) | AQ5: =IFERROR(__xludf.DUMMYFUNCTION("iferror(array_constrain(split(textjoin(""~"",True,filter('Race Info'!$B$7:$AN1180,'Race Info'!$B$7:$B1180<>"""",lower('Race Info'!$B$7:$B1180=$T$7))),""~""),1,11),"""")"),"Custom Helf") -> Custom Helf | AR5: =IFERROR(__xludf.DUMMYFUNCTION("""COMPUTED_VALUE"""),"int +2, con +1") -> int +2, con +1 | AS5: =IFERROR(__xludf.DUMMYFUNCTION("""COMPUTED_VALUE"""),"-") -> - | AT5: =IFERROR(__xludf.DUMMYFUNCTION("""COMPUTED_VALUE"""),30.0) -> 30 | AU5: =IFERROR(__xludf.DUMMYFUNCTION("""COMPUTED_VALUE"""),"-") -> - | AV5: =IFERROR(__xludf.DUMMYFUNCTION("""COMPUTED_VALUE"""),"-") -> - | AW5: =IFERROR(__xludf.DUMMYFUNCTION("""COMPUTED_VALUE"""),"Common, Elvish, 3 extra") -> Common, Elvish, 3 extra | AX5: =IFERROR(__xludf.DUMMYFUNCTION("""COMPUTED_VALUE"""),"-") -> - | AY5: =IFERROR(__xludf.DUMMYFUNCTION("""COMPUTED_VALUE"""),"Longsword, Shortsword, Shortbow, Longbow") -> Longsword, Shortsword, Shortbow, Longbow | AZ5: =IFERROR(__xludf.DUMMYFUNCTION("""COMPUTED_VALUE"""),"Keen Senses You gain proficiency in the Perception skill.") -> Keen Senses You gain proficiency in the Perception skill. | BC5: =IFERROR(__xludf.DUMMYFUNCTION("if($T$5<>"""",array_constrain(iferror(filter(BA6:BA15,BA6:BA15<>"""",isnumber(find(""10"",BA6:BA15))),""10+dex""),1,1),"""")"),"10+dex") -> 10+dex
C6: Connor Armstrong | T6: CLASS(ES) & LEVEL(S) | AE6: PLAYER NAME | AL6: =if(AE7<>"",if(AE7<300,1,if(AE7<900,2,if(AE7<2700,3,if(AE7<6500,4,if(AE7<14000,5,if(AE7<23000,6,if(AE7<34000,7,if(AE7<48000,8,if(AE7<64000,9,if(AE7<85000,10,if(AE7<100000,11,if(AE7<120000,12,if(AE7<140000,13,if(AE7<165000,14,if(AE7<195000,15,if(AE7<225000,16,if(AE7<265000,17,if(AE7<305000,18,if(AE7<355000,19,20))))))))))))))))))),"") -> 8 | AQ6: {=iferror(vlookup(AR6:AR15,'Class Info'!B7:K1180,10,false),"")} -> d6 | AR6: =IFERROR(__xludf.DUMMYFUNCTION("iferror(transpose(unique(filter(split(proper($T$5),"" ""),iserror(find(split(proper($T$5),"" "")&"" 0"",proper($T$5))),isnumber(find(proper(split($T$5,"" ""))&""-"",proper(textjoin(""-"",True,'Class Info'!$B$7:$B1180,""-""))))))),"""")"),"Wizard") -> Wizard | AS6: =IFERROR(__xludf.DUMMYFUNCTION("if($AR6<>"""",iferror(array_constrain(filter('Class Info'!$E$7:$E1180,'Class Info'!$B$7:$B1180=$AR6,'Class Info'!$E$7:$E1180<>"""",isnumber(find(proper('Class Info'!$E$7:$E1180),proper($T$5)))),1,1),""-""),"""")"),"-") -> - | AT6: =IFERROR(__xludf.DUMMYFUNCTION("if(and(AR6<>"""",isnumber(find(lower(AR6),lower($T$5)))),int(substitute(if(regexmatch(proper($T$5),proper(AR6)&"" [0-9]+""),regexextract(proper($T$5),proper(AR6)&"" [0-9]+""),level),proper(AR6)&"" "","""")),"""")"),8.0) -> 8 | AU6: =IFERROR(__xludf.DUMMYFUNCTION("arrayformula(if(AT6:AT15,AT6:AT15*(int(regexextract(AQ6:AQ15,""[0-9]+""))/2+1 +if(vlookup(AR6:AR15,'Class Info'!B7:O1180,14,false)<>""-"",vlookup(AR6:AR15,'Class Info'!B7:O1180,14,false),0) +if(vlookup(AS6:AS15,'Class Info'!E7:O1180,11,false)<>""-"",vlook"&"up(AS6:AS15,'Class Info'!E7:O1180,11,false),0)) +if(AV6:AV15<>"""",(int(regexextract(AQ6:AQ15,""[0-9]+""))/2-1),0),""""))"),34.0) -> 34 | AV6: =if(AR6<>"", vlookup(AR6,'Class Info'!B7:Q1180,16,false) &if(vlookup(AR6,'Class Info'!B7:X1180,23,false)<>"-",", "&vlookup(AR6,'Class Info'!B7:X1180,23,false),""), "" ) -> Intelligence, Wisdom, Choose 2, Arcana, History, Insight, Investigation, Medicine, Religion, Dagger, Dart, Sling, Quarterstaff, Light Crossbow | AW6: {=iferror(vlookup(AR6:AR15,'Class Info'!B7:AB1180,27,false) &if(vlookup(AS6:AS15,'Class Info'!E7:AB1180,24,false)<>"-",if(AS6:AS15<>"-",", "&vlookup(AS6:AS15,'Class Info'!E7:AB1180,24,false),""),""),"")} -> - | AX6: {=iferror(if(vlookup(AR6:AR15,'Class Info'!B7:AG1180,32,false)<>"-",vlookup(AR6:AR15,'Class Info'!B7:AG1180,32,false),"") &if(vlookup(AS6:AS15,'Class Info'!E7:AG1180,29,false)<>"-",if(AS6:AS15<>"-",vlookup(AS6:AS15,'Class Info'!E7:AG1180,29,false),""),""),"")} -> Full Caster | AY6: {=iferror(if(vlookup(AR6:AR15,'Class Info'!B7:AJ1180,35,false)<>"-",vlookup(AR6:AR15,'Class Info'!B7:AJ1180,35,false),"") &if(AS6:AS15<>"-",if(vlookup(AS6:AS15,'Class Info'!E7:AJ1180,32,false)<>"-",vlookup(AS6:AS15,'Class Info'!E7:AJ1180,32,false),""),""),"")} -> Intelligence | AZ6: {=if(AR6:AR15<>"",int(iferror(if(vlookup(AR6:AR15,'Class Info'!B7:AM1180,38,false)<>"-",vlookup(AR6:AR15,'Class Info'!B7:AM1180,38,false),"") &if(vlookup(AS6:AS15,'Class Info'!E7:AM1180,35,false)<>"-",vlookup(AS6:AS15,'Class Info'!E7:AM1180,35,false),""),"")),"")} -> 0 | BA6: {=iferror(if(vlookup(AR6:AR15,'Class Info'!B7:I1180,8,false)<>"-",if(vlookup(AR6:AR15,'Class Info'!B7:I1180,8,false)<>"10+dex",vlookup(AR6:AR15,'Class Info'!B7:I1180,8,false),""),"") &if(AS6:AS15<>"-",if(vlookup(AS6:AS15,'Class Info'!E7:I1180,5,false)<>"-",vlookup(AS6:AS15,'Class Info'!E7:I1180,5,false),""),""),"")} | BB6: {=if(AR6:AR15<>"",if(vlookup(AR6:AR15,'Class Info'!B7:M1180,12,false)<>"-",vlookup(AR6:AR15,'Class Info'!B7:M1180,12,false),"") &if(vlookup(AS6:AS15,'Class Info'!E7:M1180,9,false)<>"-",vlookup(AS6:AS15,'Class Info'!E7:M1180,9,false),""),"")}
T7: Custom Helf | AE7: 40000 | AH7: =if(AE7<>"",choose(AL6,300,900,2700,6500,14000,23000,34000,48000,64000,85000,100000,120000,140000,165000,195000,225000,265000,305000,355000,0),"") -> 48000 | AS7: =IFERROR(__xludf.DUMMYFUNCTION("if($AR7<>"""",iferror(array_constrain(filter('Class Info'!$E$7:$E180,'Class Info'!$B$7:$B180=$AR7,'Class Info'!$E$7:$E180<>"""",isnumber(find(proper('Class Info'!$E$7:$E180),proper($T$5)))),1,1),""-""),"""")"),"") | AT7: =IFERROR(__xludf.DUMMYFUNCTION("if(and(AR7<>"""",isnumber(find(lower(AR7),lower($T$5)))),int(substitute(if(regexmatch(proper($T$5),proper(AR7)&"" [0-9]+""),regexextract(proper($T$5),proper(AR7)&"" [0-9]+""),level),proper(AR7)&"" "","""")),"""")"),"") | AU7: =IFERROR(__xludf.DUMMYFUNCTION("""COMPUTED_VALUE"""),"")
A8: =if(C174="",if(isnumber(find("Zim",C6)),image("https://i.imgur.com/G8kk6zf.png",2),if( and(AV16<>"",countif(AQ155:AQ180,AV16)),image("https://i.imgur.com/G8kk6zf.png",2),image("http://i.imgur.com/miU7se3.png",2))),image(vlookup(C174,AQ155:AS180,3,false),2)) | T8: =if(and(T7<>"",AQ5=""),"To use a custom race, add it on the 'Race Info' tab.","RACE") -> RACE | AE8: EXPERIENCE | AH8: NEXT LEVEL | AS8: =IFERROR(__xludf.DUMMYFUNCTION("if($AR8<>"""",iferror(array_constrain(filter('Class Info'!$E$7:$E180,'Class Info'!$B$7:$B180=$AR8,'Class Info'!$E$7:$E180<>"""",isnumber(find(proper('Class Info'!$E$7:$E180),proper($T$5)))),1,1),""-""),"""")"),"") | AT8: =IFERROR(__xludf.DUMMYFUNCTION("if(and(AR8<>"""",isnumber(find(lower(AR8),lower($T$5)))),int(substitute(if(regexmatch(proper($T$5),proper(AR8)&"" [0-9]+""),regexextract(proper($T$5),proper(AR8)&"" [0-9]+""),level),proper(AR8)&"" "","""")),"""")"),"") | AU8: =IFERROR(__xludf.DUMMYFUNCTION("""COMPUTED_VALUE"""),"")
S9: =IMAGE("https://i.imgur.com/6avJSbK.png",2) | AS9: =IFERROR(__xludf.DUMMYFUNCTION("if($AR9<>"""",iferror(array_constrain(filter('Class Info'!$E$7:$E180,'Class Info'!$B$7:$B180=$AR9,'Class Info'!$E$7:$E180<>"""",isnumber(find(proper('Class Info'!$E$7:$E180),proper($T$5)))),1,1),""-""),"""")"),"") | AT9: =IFERROR(__xludf.DUMMYFUNCTION("if(and(AR9<>"""",isnumber(find(lower(AR9),lower($T$5)))),int(substitute(if(regexmatch(proper($T$5),proper(AR9)&"" [0-9]+""),regexextract(proper($T$5),proper(AR9)&"" [0-9]+""),level),proper(AR9)&"" "","""")),"""")"),"") | AU9: =IFERROR(__xludf.DUMMYFUNCTION("""COMPUTED_VALUE"""),"")
B10: =IMAGE("https://i.imgur.com/u3YeDks.png",2) | G10: =IMAGE("https://i.imgur.com/0VlrXCA.png",4, 731, 20) | O10: =IMAGE("https://i.imgur.com/GFrq6pf.png",4, 793, 20) | Q10: =IMAGE("https://i.imgur.com/sMN3tei.png",2) | AC10: HP | AD10: =IMAGE("https://i.imgur.com/sMN3tei.png",2) | AS10: =IFERROR(__xludf.DUMMYFUNCTION("if($AR10<>"""",iferror(array_constrain(filter('Class Info'!$E$7:$E180,'Class Info'!$B$7:$B180=$AR10,'Class Info'!$E$7:$E180<>"""",isnumber(find(proper('Class Info'!$E$7:$E180),proper($T$5)))),1,1),""-""),"""")"),"") | AT10: =IFERROR(__xludf.DUMMYFUNCTION("if(and(AR10<>"""",isnumber(find(lower(AR10),lower($T$5)))),int(substitute(if(regexmatch(proper($T$5),proper(AR10)&"" [0-9]+""),regexextract(proper($T$5),proper(AR10)&"" [0-9]+""),level),proper(AR10)&"" "","""")),"""")"),"") | AU10: =IFERROR(__xludf.DUMMYFUNCTION("""COMPUTED_VALUE"""),"")
B11: =IMAGE("https://i.imgur.com/VUGDDJt.png",4, 647, 20) | E11: =IMAGE("https://i.imgur.com/u9a6TBA.png",4, 647, 20) | H11: 1 | J11: =image("https://i.imgur.com/kI66z3t.png",2) | K11: INSPIRATION | Q11: =IMAGE("https://i.imgur.com/r6YjQVe.png",4, 380, 20) | T11: =IMAGE("https://i.imgur.com/k6zj6md.png",2) | U11: =IMAGE("http://i.imgur.com/C5Lv5CM.png",2) | V11: =IFERROR(__xludf.DUMMYFUNCTION("if(V15<>"""",V15, if(regexmatch(substitute(substitute(Additional!AR79,""("",""""),"")"",""""),""advantage on[a-z. ]+?initiative""), if(regexmatch(substitute(substitute(Additional!AR79,""("",""""),"")"",""""),""sadvantage on[.a-z ]+?initiative""), ""dis"&""",""adv""),if(countif(BC6:BC15,""adv"")>0,""adv"","""")))")," ") | X11: =IMAGE("https://i.imgur.com/k6zj6md.png",2) | Y11: =IMAGE("http://i.imgur.com/C5Lv5CM.png",2) | AB11: =IMAGE("http://i.imgur.com/pJkkaty.png",4, 380, 20) | AD11: =IMAGE("http://i.imgur.com/yqyqC2t.png",4, 377, 20) | AE11: BACKGROUND: | AO11: =IMAGE("http://i.imgur.com/40rhpIU.png",4, 375, 20) | AS11: =IFERROR(__xludf.DUMMYFUNCTION("if($AR11<>"""",iferror(array_constrain(filter('Class Info'!$E$7:$E180,'Class Info'!$B$7:$B180=$AR11,'Class Info'!$E$7:$E180<>"""",isnumber(find(proper('Class Info'!$E$7:$E180),proper($T$5)))),1,1),""-""),"""")"),"") | AT11: =IFERROR(__xludf.DUMMYFUNCTION("if(and(AR11<>"""",isnumber(find(lower(AR11),lower($T$5)))),int(substitute(if(regexmatch(proper($T$5),proper(AR11)&"" [0-9]+""),regexextract(proper($T$5),proper(AR11)&"" [0-9]+""),level),proper(AR11)&"" "","""")),"""")"),"") | AU11: =IFERROR(__xludf.DUMMYFUNCTION("""COMPUTED_VALUE"""),"")
C12: STR | R12: =if( or(dexMod="-",level=""), "-", max(armoredAC,unarmoredAC,naturalArmorAC,altClassBasedAC) +dualWielder ) -> 12 | Z12: =IFERROR(__xludf.DUMMYFUNCTION("if(AQ5="""",""-"",iferror(int(regexextract(text(racialSpeed,0),""[0-9]+"")),30)+speedBonus)"),30.0) -> 30 | AE12: Fazer manutenção | AS12: =IFERROR(__xludf.DUMMYFUNCTION("if($AR12<>"""",iferror(array_constrain(filter('Class Info'!$E$7:$E180,'Class Info'!$B$7:$B180=$AR12,'Class Info'!$E$7:$E180<>"""",isnumber(find(proper('Class Info'!$E$7:$E180),proper($T$5)))),1,1),""-""),"""")"),"") | AT12: =IFERROR(__xludf.DUMMYFUNCTION("if(and(AR12<>"""",isnumber(find(lower(AR12),lower($T$5)))),int(substitute(if(regexmatch(proper($T$5),proper(AR12)&"" [0-9]+""),regexextract(proper($T$5),proper(AR12)&"" [0-9]+""),level),proper(AR12)&"" "","""")),"""")"),"") | AU12: =IFERROR(__xludf.DUMMYFUNCTION("""COMPUTED_VALUE"""),"")
C13: =if(C15="-","-",INT((C15-10)/2)) -> -1 | AE13: 5 | AS13: =IFERROR(__xludf.DUMMYFUNCTION("if($AR13<>"""",iferror(array_constrain(filter('Class Info'!$E$7:$E180,'Class Info'!$B$7:$B180=$AR13,'Class Info'!$E$7:$E180<>"""",isnumber(find(proper('Class Info'!$E$7:$E180),proper($T$5)))),1,1),""-""),"""")"),"") | AT13: =IFERROR(__xludf.DUMMYFUNCTION("if(and(AR13<>"""",isnumber(find(lower(AR13),lower($T$5)))),int(substitute(if(regexmatch(proper($T$5),proper(AR13)&"" [0-9]+""),regexextract(proper($T$5),proper(AR13)&"" [0-9]+""),level),proper(AR13)&"" "","""")),"""")"),"") | AU13: =IFERROR(__xludf.DUMMYFUNCTION("""COMPUTED_VALUE"""),"")
H14: =IFERROR(__xludf.DUMMYFUNCTION("if(level="""","""",floor((level+7)/4)+iferror(sum(split(textjoin(""-"",True,AX45:AX49,AX50:AX56),""-"")),0))"),3.0) -> 3 | J14: =image("https://i.imgur.com/v92a6gB.png",2) | K14: PROFICIENCY BONUS | R14: AC | V14: INIT | Z14: SPEED | AS14: =IFERROR(__xludf.DUMMYFUNCTION("if($AR14<>"""",iferror(array_constrain(filter('Class Info'!$E$7:$E180,'Class Info'!$B$7:$B180=$AR14,'Class Info'!$E$7:$E180<>"""",isnumber(find(proper('Class Info'!$E$7:$E180),proper($T$5)))),1,1),""-""),"""")"),"") | AT14: =IFERROR(__xludf.DUMMYFUNCTION("if(and(AR14<>"""",isnumber(find(lower(AR14),lower($T$5)))),int(substitute(if(regexmatch(proper($T$5),proper(AR14)&"" [0-9]+""),regexextract(proper($T$5),proper(AR14)&"" [0-9]+""),level),proper(AR14)&"" "","""")),"""")"),"") | AU14: =IFERROR(__xludf.DUMMYFUNCTION("""COMPUTED_VALUE"""),"")
C15: =IFERROR(__xludf.DUMMYFUNCTION("if(C16,min(30,max( iferror(int(trim(right(regexextract(Additional!$AR$79,lower(C12)&""[a-z]+? score is [0-9]+""),2))),0), iferror(int(trim(right(regexextract(Additional!$AR$79,lower(C12)&""[a-z]+? score changes to [0-9]+""),2))),0), min(iferror(int(trim(r"&"ight(regexextract(Additional!$AR$79,lower(C12)&""[a-z]+? [a-z ]+maximum of [0-9]+?""),2))),20+if(BarbarianLevel=20,4,0)), C16+if(BarbarianLevel=20,4,0)+ iferror(if(find(regexextract($AR$5,lower(C12)&"" \+[0-9]""),$AR$5)<iferror(find(""choose"",lower($AR$5"&")),len($AR$5)),int(right(regexextract($AR$5,lower(C12)&"" \+[0-9]""),1)),0),0)- iferror(if(find(regexextract($AR$5,lower(C12)&"" \-[0-9]""),$AR$5)<iferror(find(""choose"",lower($AR$5)),len($AR$5)),int(right(regexextract($AR$5,lower(C12)&"" \-[0-9]""),1)),"&"0),0) +D16)) +sum(arrayformula(int(iferror(trim(right(regexextract(lower(filter({BA$32:BA$56;Additional!$BA$3:$BA$24},regexmatch(lower({BA$32:BA$56;Additional!$BA$3:$BA$24}),lower(C12)&""[a-z]+? score increases by [0-9]+""))),lower(C12)&""[a-z]+? score in"&"creases by [0-9]+""),2)),0))))),""-"")"),8.0) -> 8 | AE15: PERSONALITY TRAITS | AS15: =IFERROR(__xludf.DUMMYFUNCTION("if($AR15<>"""",iferror(array_constrain(filter('Class Info'!$E$7:$E180,'Class Info'!$B$7:$B180=$AR15,'Class Info'!$E$7:$E180<>"""",isnumber(find(proper('Class Info'!$E$7:$E180),proper($T$5)))),1,1),""-""),"""")"),"") | AT15: =IFERROR(__xludf.DUMMYFUNCTION("if(and(AR15<>"""",isnumber(find(lower(AR15),lower($T$5)))),int(substitute(if(regexmatch(proper($T$5),proper(AR15)&"" [0-9]+""),regexextract(proper($T$5),proper(AR15)&"" [0-9]+""),level),proper(AR15)&"" "","""")),"""")"),"") | AU15: =IFERROR(__xludf.DUMMYFUNCTION("""COMPUTED_VALUE"""),"")
C16: 8 | F16: =IFERROR(__xludf.DUMMYFUNCTION("arrayformula(if(P16:P23<>"""",P16:P23, if($AC$57<>""EQUIPPED ITEMS"",if(J16:J23<>"""",if(isnumber(find(J16:J23,""StrengthDexterity"")),""dis"", if(regexmatch(Additional!$AR$79,""advantage on all[a-z ]+?""&lower(J16:J23)&""[a-z ]+? sav saving throws""), "&" if(regexmatch(Additional!$AR$79,""sadvantage on all[a-z ]+""&lower(J16:J23)&""[a-z ]+? saving throws""), ""dis"",""adv""), if(regexmatch(substitute(lower($BA$5),"","",""""),""advantage on all[a-z ]+?""&lower(J16:J23)&""[a-z ]+?saving throws""), if(reg"&"exmatch(substitute(lower($BA$5),"","",""""),""sadvantage on all[a-z ]+?""&lower(J16:J23)&""[a-z ]+?saving throws""), ""dis"",""adv""),""""))),""""))))"),FALSE) -> FALSE | K16: =if(sum(H17:H23)=0,"Saving throws auto-populate.","") | R16: Hit Point Max | U16: =if(and(level<>"",conMod<>"-"),level*C23+if(sum(rolledHitPoints)>0,sum(rolledHitPoints),averageHitPoints) +if(ISNUMBER(AU5),max(0,floor(AU5*level,1)),0) +if(isnumber(find("tough",feats)),level*2,0),"-") -> 50 | AQ16: =if(level<>"",iferror(vlookup(AJ11,AX69:AY180,2,false),""),"") | AR16: =IFERROR(__xludf.DUMMYFUNCTION("textjoin("", "",True,iferror(filter(J25:J42,isnumber(find(lower(J25:J42),mid(lower($AZ$5),iferror(find(""proficien"",$AZ$5),1),len($AZ$5))))),""""))"),"Perception") -> Perception | AS16: =if(level<>"",sum(AS17:AS20),"") -> 3 | AT16: =IFERROR(__xludf.DUMMYFUNCTION("if(AR6<>"""",if( and(iferror(filter(v2.1!AX6:AX15,v2.1!AT6:AT15=index(AL6))=""Half Caster""),AL6=1),0, if( countif(AX6:AX15,""Half Caster"")+countif(AX6:AX15,""Artificer Casting"")+countif(AX6:AX15,""Full Caster"")+countif(AX6:AX15,"&"""Third Caster"")<2, sum(iferror(filter(v2.1!AT6:AT15,v2.1!AX6:AX15=""Full Caster""),0)) +ceiling(if(sum(iferror(filter(v2.1!AT6:AT15,v2.1!AX6:AX15=""Half Caster""),0))>1,sum(iferror(filter(v2.1!AT6:AT15,v2.1!AX6:AX15=""Half Caster"""&"),0)),0)/2) +ceiling(sum(iferror(filter(v2.1!AT6:AT15,v2.1!AX6:AX15=""Artificer Casting""),0))/2) +ceiling(if(sum(iferror(filter(v2.1!AT6:AT15,v2.1!AX6:AX15=""Third Caster""),0))>2,sum(iferror(filter(v2.1!AT6:AT15,v2.1!AX6:AX15=""Thi"&"rd Caster""),0)),0)/3), sum(iferror(filter(v2.1!AT6:AT15,v2.1!AX6:AX15=""Full Caster""),0)) +floor(sum(iferror(filter(v2.1!AT6:AT15,v2.1!AX6:AX15=""Half Caster""),0))/2) +ceiling(sum(iferror(filter(v2.1!AT6:AT15,v2.1!AX6:A"&"X15=""Artificer Casting""),0))/2) +floor(sum(iferror(filter(v2.1!AT6:AT15,v2.1!AX6:AX15=""Third Caster""),0))/3) ) ),"""")"),8.0) -> 8 | AU16: =if(AR6<>"",sum(AU6:AU15),"") -> 34 | AV16: =AR6 -> Wizard | AW16: =textjoin(", ",true,AV6:AW15,AY5) -> Intelligence, Wisdom, Choose 2, Arcana, History, Insight, Investigation, Medicine, Religion, Dagger, Dart, Sling, Quarterstaff, Light Crossbow, -, Longsword, Shortsword, Shortbow, Longbow | BA16: =IFERROR(__xludf.DUMMYFUNCTION("if($T$5<>"""",array_constrain(iferror(filter(BA6:BA15,BA6:BA15<>"""",iserror(find(""10"",BA6:BA15))),""10+dex""),1,1),"""")"),"10+dex") -> 10+dex
C17: DEX | F17: =IFERROR(__xludf.DUMMYFUNCTION("""COMPUTED_VALUE"""),FALSE) -> FALSE | H17: =IFERROR(__xludf.DUMMYFUNCTION("if(or(regexmatch($AQ$63,lower(J17)),regexmatch($AW$16,J17)),1,0)"),0.0) -> 0 | I17: =IFERROR(__xludf.DUMMYFUNCTION("if(and(proficiencyBonus,indirect(left(lower($J17),3)&""Mod"")<>""-""), if($H17<>0,proficiencyBonus,0) +indirect(left(lower($J17),3)&""Mod"") +$AS$58 +sum(arrayformula(int(iferror(substitute(regexextract(lower(filter({BA$32:BA$56;Additional"&"!$BA$3:$BA$24},regexmatch(lower({BA$32:BA$56;Additional!$BA$3:$BA$24}),""[0-9]+ bonus to ""&lower($J17)&"" sav""))),""[0-9]+ bonus to ""&lower($J17)&"" sav""),"" bonus to ""&lower($J17)&"" sav"",""""),0)))),""-"")"),-1.0) -> -1 | J17: Strength | R17: 50 | AQ17: =if(level<>"",if($AJ$11<>"",2,0)+$AS$16-countif($H$25:$H$42,"<>0"),"") -> -2 | AR17: =IFERROR(__xludf.DUMMYFUNCTION("iferror(regexextract(textjoin("", "",True,filter($J$25:$J$42,$H$25:$H$42<>0,isnumber(find($J25:$J$42,$AR$16)))),""[a-zA-Z ]+.[a-zA-Z ]+""),"""")"),"Perception") -> Perception | AS17: =IFERROR(__xludf.DUMMYFUNCTION("if(regexmatch(lower(AZ5),""gain proficiency [a-z ]+ choice""), if(isnumber(find("" one "",lower(AZ5))),1,if(isnumber(find("" two "",lower(AZ5))),2,if(isnumber(find("" three "",lower(AZ5))),3,if(isnumber(find("" four "",lower(AZ5))),4,0)))),"""")"),"") | AW17: =IFERROR(__xludf.DUMMYFUNCTION("iferror(textjoin("", "",True, filter($J25:J42, isnumber(find(proper($J$25:$J$42),proper($AW$16)))+ isnumber(find(proper($J$25:$J$42),proper($AW$18))), iserror(find(proper($J$25:$J$42),proper($AQ$16))), if($AS$18>0, iserror(find(proper($J$25:"&"$J$42),proper($AR$16))), iserror(find(proper($J$25:$J$42),proper($AR$17))) ) ) ),"""")"),"Arcana, History, Insight, Investigation, Medicine, Religion") -> Arcana, History, Insight, Investigation, Medicine, Religion
C18: =if(C20="-","-",INT((C20-10)/2)) -> 2 | F18: =IFERROR(__xludf.DUMMYFUNCTION("""COMPUTED_VALUE"""),FALSE) -> FALSE | H18: =IFERROR(__xludf.DUMMYFUNCTION("if(or(regexmatch($AQ$63,lower(J18)),regexmatch($AW$16,J18)),1,0)"),0.0) -> 0 | I18: =IFERROR(__xludf.DUMMYFUNCTION("if(and(proficiencyBonus,indirect(left(lower($J18),3)&""Mod"")<>""-""), if($H18<>0,proficiencyBonus,0) +indirect(left(lower($J18),3)&""Mod"") +$AS$58 +sum(arrayformula(int(iferror(substitute(regexextract(lower(filter({BA$32:BA$56;Additional"&"!$BA$3:$BA$24},regexmatch(lower({BA$32:BA$56;Additional!$BA$3:$BA$24}),""[0-9]+ bonus to ""&lower($J18)&"" sav""))),""[0-9]+ bonus to ""&lower($J18)&"" sav""),"" bonus to ""&lower($J18)&"" sav"",""""),0)))),""-"")"),2.0) -> 2 | J18: Dexterity | AQ18: =IFERROR(__xludf.DUMMYFUNCTION("if(race<>"""",if(C15<if(AU24<>""-"",AU24,0),-10,0)+if(isnumber(find(""mobile"",feats)),10,0)+sum(AZ6:AZ15)+sum(arrayformula(int(iferror(trim(left(regexextract(lower(filter({BA$32:BA$56;Additional!$BA$3:$BA$24},regexmatch(lower({BA$32:BA$56;Additional!$BA$"&"3:$BA$24}),""walking speed increases by [0-9]+ feet""))),""[0-9]+ feet""),2)),0)))),"""")"),0.0) -> 0 | AS18: =IFERROR(__xludf.DUMMYFUNCTION("if(race<>"""",counta(iferror(filter(J25:J42,regexmatch(lower(AZ5),""gain proficiency [a-z ]+""&lower(J25:J42)&""[a-z ]+skill"")))),"""")"),1.0) -> 1 | AW18: =IFERROR(__xludf.DUMMYFUNCTION("textjoin("", "",True,arrayformula(if(regexmatch(lower($AW$7:$AW$15),""[0-9] skill""),vlookup($AR$7:$AR$15,'Class Info'!B7:T180,19,False),"""")))"),"")
F19: =IFERROR(__xludf.DUMMYFUNCTION("""COMPUTED_VALUE"""),FALSE) -> FALSE | H19: =IFERROR(__xludf.DUMMYFUNCTION("if(or(regexmatch($AQ$63,lower(J19)),regexmatch($AW$16,J19)),1,0)"),0.0) -> 0 | I19: =IFERROR(__xludf.DUMMYFUNCTION("if(and(proficiencyBonus,indirect(left(lower($J19),3)&""Mod"")<>""-""), if($H19<>0,proficiencyBonus,0) +indirect(left(lower($J19),3)&""Mod"") +$AS$58 +sum(arrayformula(int(iferror(substitute(regexextract(lower(filter({BA$32:BA$56;Additional"&"!$BA$3:$BA$24},regexmatch(lower({BA$32:BA$56;Additional!$BA$3:$BA$24}),""[0-9]+ bonus to ""&lower($J19)&"" sav""))),""[0-9]+ bonus to ""&lower($J19)&"" sav""),"" bonus to ""&lower($J19)&"" sav"",""""),0)))),""-"")"),2.0) -> 2 | J19: Constitution | R19: CURRENT HIT POINTS | AE19: IDEALS | AS19: =IFERROR(__xludf.DUMMYFUNCTION("if(level<>"""",int(iferror(right(regexextract(lower($AW$16),""choose [0-9]""),1),""2""))+sum(arrayformula(iferror(int(regexextract(iferror(regexextract($AW$6:$AW$15,""[0-9] Skill""),""0""),""[0-9]"")),0)),0)+int(iferror(right(regexextract(lower($AW$6),""c"&"hoose [0-9]""),1),""0"")),"""")"),2.0) -> 2
C20: =IFERROR(__xludf.DUMMYFUNCTION("if(C21,min(30,max( iferror(int(trim(right(regexextract(Additional!$AR$79,lower(C17)&""[a-z]+? score is [0-9]+""),2))),0), iferror(int(trim(right(regexextract(Additional!$AR$79,lower(C17)&""[a-z]+? score changes to [0-9]+""),2))),0), min(iferror(int(trim(r"&"ight(regexextract(Additional!$AR$79,lower(C17)&""[a-z]+? [a-z ]+maximum of [0-9]+?""),2))),20), C21+ iferror(if(find(regexextract($AR$5,lower(C17)&"" \+[0-9]""),$AR$5)<iferror(find(""choose"",lower($AR$5)),len($AR$5)),int(right(regexextract($AR$5,lower(C1"&"7)&"" \+[0-9]""),1)),0),0)- iferror(if(find(regexextract($AR$5,lower(C17)&"" \-[0-9]""),$AR$5)<iferror(find(""choose"",lower($AR$5)),len($AR$5)),int(right(regexextract($AR$5,lower(C17)&"" \-[0-9]""),1)),0),0) +D21)) +sum(arrayformula(int(iferror(trim(righ"&"t(regexextract(lower(filter({BA$32:BA$56;Additional!$BA$3:$BA$24},regexmatch(lower({BA$32:BA$56;Additional!$BA$3:$BA$24}),lower(C17)&""[a-z]+? score increases by [0-9]+""))),lower(C17)&""[a-z]+? score increases by [0-9]+""),2)),0))))),""-"")"),14.0) -> 14 | F20: =IFERROR(__xludf.DUMMYFUNCTION("""COMPUTED_VALUE"""),FALSE) -> FALSE | H20: =IFERROR(__xludf.DUMMYFUNCTION("if(or(regexmatch($AQ$63,lower(J20)),regexmatch($AW$16,J20)),1,0)"),1.0) -> 1 | I20: =IFERROR(__xludf.DUMMYFUNCTION("if(and(proficiencyBonus,indirect(left(lower($J20),3)&""Mod"")<>""-""), if($H20<>0,proficiencyBonus,0) +indirect(left(lower($J20),3)&""Mod"") +$AS$58 +sum(arrayformula(int(iferror(substitute(regexextract(lower(filter({BA$32:BA$56;Additional"&"!$BA$3:$BA$24},regexmatch(lower({BA$32:BA$56;Additional!$BA$3:$BA$24}),""[0-9]+ bonus to ""&lower($J20)&"" sav""))),""[0-9]+ bonus to ""&lower($J20)&"" sav""),"" bonus to ""&lower($J20)&"" sav"",""""),0)))),""-"")"),8.0) -> 8 | J20: Intelligence | R20: Condition | U20: - | AS20: =IFERROR(__xludf.DUMMYFUNCTION("if(counta(iferror(filter(J25:J42,isnumber(find(lower(J25:J42),AQ63)))))=0,"""",counta(iferror(filter(J25:J42,isnumber(find(lower(J25:J42),AQ63))))))"),"")
C21: 14 | F21: =IFERROR(__xludf.DUMMYFUNCTION("""COMPUTED_VALUE"""),FALSE) -> FALSE | H21: =IFERROR(__xludf.DUMMYFUNCTION("if(or(regexmatch($AQ$63,lower(J21)),regexmatch($AW$16,J21)),1,0)"),1.0) -> 1 | I21: =IFERROR(__xludf.DUMMYFUNCTION("if(and(proficiencyBonus,indirect(left(lower($J21),3)&""Mod"")<>""-""), if($H21<>0,proficiencyBonus,0) +indirect(left(lower($J21),3)&""Mod"") +$AS$58 +sum(arrayformula(int(iferror(substitute(regexextract(lower(filter({BA$32:BA$56;Additional"&"!$BA$3:$BA$24},regexmatch(lower({BA$32:BA$56;Additional!$BA$3:$BA$24}),""[0-9]+ bonus to ""&lower($J21)&"" sav""))),""[0-9]+ bonus to ""&lower($J21)&"" sav""),"" bonus to ""&lower($J21)&"" sav"",""""),0)))),""-"")"),4.0) -> 4 | J21: Wisdom
C22: CON | F22: =IFERROR(__xludf.DUMMYFUNCTION("""COMPUTED_VALUE"""),FALSE) -> FALSE | H22: =IFERROR(__xludf.DUMMYFUNCTION("if(or(regexmatch($AQ$63,lower(J22)),regexmatch($AW$16,J22)),1,0)"),0.0) -> 0 | I22: =IFERROR(__xludf.DUMMYFUNCTION("if(and(proficiencyBonus,indirect(left(lower($J22),3)&""Mod"")<>""-""), if($H22<>0,proficiencyBonus,0) +indirect(left(lower($J22),3)&""Mod"") +$AS$58 +sum(arrayformula(int(iferror(substitute(regexextract(lower(filter({BA$32:BA$56;Additional"&"!$BA$3:$BA$24},regexmatch(lower({BA$32:BA$56;Additional!$BA$3:$BA$24}),""[0-9]+ bonus to ""&lower($J22)&"" sav""))),""[0-9]+ bonus to ""&lower($J22)&"" sav""),"" bonus to ""&lower($J22)&"" sav"",""""),0)))),""-"")"),-1.0) -> -1 | J22: Charisma
C23: =if(C25="-","-",INT((C25-10)/2)) -> 2 | F23: =IFERROR(__xludf.DUMMYFUNCTION("""COMPUTED_VALUE"""),FALSE) -> FALSE | H23: SAVING THROWS | R23: TEMPORARY HIT POINTS | AE23: BONDS
F24: =IFERROR(__xludf.DUMMYFUNCTION("arrayformula(if(P24:P42<>"""",P24:P42, if($AC$57<>""EQUIPPED ITEMS"",if(J24:J42<>"""",if(isnumber(find(J24:J42,""AcrobaticsAthleticsSleight of HandStealth"")),""dis"", if(regexmatch(Additional!$AR$79,""advantage on [a-z]+? .""&lower(J24:J42)&"". checks"&"""), if(not(regexmatch(Additional!$AR$79,""advantage on [a-z]+? .""&lower(J24:J42)&"". checks when"")), if(regexmatch(Additional!$AR$79,""sadvantage on [a-z]+ .""&lower(J24:J42)&"". checks""), ""dis"",""adv""),""""), if(J24:J42=""Stealth"",if(lower($A"&"V$24)=""disadvantage"",""dis"",if(lower($AV$24)=""advantage"",""adv"","""")),""""))),""""),"""")))"),"") | K24: =if(countif(H25:H42,"0")=18,"Fill skill bubbles with '1' (one).", if(and(or(RogueLevel>0,BardLevel>2),countif(H25:H42,"e")<1),"Use 'e' for expertise!","") ) | V24: =IMAGE("https://i.imgur.com/k6zj6md.png",2) | W24: =IMAGE("http://i.imgur.com/C5Lv5CM.png",2) | AQ24: =IFERROR(__xludf.DUMMYFUNCTION("iferror(array_constrain(split(textjoin(""~"",True,filter(AQ45:BC56,AQ45:AQ56<>"""",isnumber(find(""armor"",lower(AT45:AT56))))),""~""),1,11),"""")"),"")
C25: =IFERROR(__xludf.DUMMYFUNCTION("if(C26,min(30,max( iferror(int(trim(right(regexextract(Additional!$AR$79,lower(C22)&""[a-z]+? score is [0-9]+""),2))),0), iferror(int(trim(right(regexextract(Additional!$AR$79,lower(C22)&""[a-z]+? score changes to [0-9]+""),2))),0), min(iferror(int(trim(r"&"ight(regexextract(Additional!$AR$79,lower(C22)&""[a-z]+? [a-z ]+maximum of [0-9]+?""),2))),20+if(BarbarianLevel=20,4,0)), C26+if(BarbarianLevel=20,4,0)+ iferror(if(find(regexextract($AR$5,lower(C22)&"" \+[0-9]""),$AR$5)<iferror(find(""choose"",lower($AR$5"&")),len($AR$5)),int(right(regexextract($AR$5,lower(C22)&"" \+[0-9]""),1)),0),0)- iferror(if(find(regexextract($AR$5,lower(C22)&"" \-[0-9]""),$AR$5)<iferror(find(""choose"",lower($AR$5)),len($AR$5)),int(right(regexextract($AR$5,lower(C22)&"" \-[0-9]""),1)),"&"0),0) +D26)) +sum(arrayformula(int(iferror(trim(right(regexextract(lower(filter({BA$32:BA$56;Additional!$BA$3:$BA$24},regexmatch(lower({BA$32:BA$56;Additional!$BA$3:$BA$24}),lower(C22)&""[a-z]+? score increases by [0-9]+""))),lower(C22)&""[a-z]+? score in"&"creases by [0-9]+""),2)),0))))),""-"")"),15.0) -> 15 | F25: =IFERROR(__xludf.DUMMYFUNCTION("""COMPUTED_VALUE"""),"") | H25: 0 | I25: =IFERROR(__xludf.DUMMYFUNCTION("if(and(proficiencyBonus,indirect(regexextract(lower(concatenate(K25:N25)),""[a-z]{3}"")&""Mod"")<>""-""), if(H25<>0,proficiencyBonus*if(H25=""e"",2,1),max(jackOfAllTrades,iferror(if(and(vlookup(""Fighter"",$AR$6:$AS$15,2,false)=""Champion"",FighterLev"&"el>=7),CEILING(proficiencyBonus/2),0),0))) +indirect(regexextract(lower(concatenate(K25:N25)),""[a-z]{3}"")&""Mod"") +$AR$58 +sum(arrayformula(int(iferror(trim(left(regexextract(lower(filter({BA$32:BA$56;Additional!$BA$3:$BA$24},regexmatch(low"&"er({BA$32:BA$56;Additional!$BA$3:$BA$24}),""[0-9]+ bonus to ""&regexextract(lower(concatenate(K25:N25)),""[a-z]{3}"")&""[a-z]+? .""&lower(J25)))),""[0-9]+ bonus to ""&regexextract(lower(concatenate(K25:N25)),""[a-z]{3}"")&""[a-z]+? .""&lower(J25)),2)),0))"&")),""-"")"),2.0) -> 2 | J25: Acrobatics | M25: (Dex) | R25: =IFERROR(__xludf.DUMMYFUNCTION("iferror(textjoin("" "",true,arrayformula(sumif($AQ$6:$AQ$15,arrayformula(""d""&sort(unique(filter(int(regexextract(AQ6:AQ15,""[0-9]+"")),AQ6:AQ15<>"""")),1,True)),AT6:AT15)&arrayformula(""d""&sort(unique(filter(int(regexextract(AQ6:AQ15,""[0-9]+"")),AQ6:A"&"Q15<>"""")),1,True)))),""-"")"),"8d6") -> 8d6 | X25: SUC. | Y25: 0 | Z25: 0 | AA25: 0 | AQ25: =IFERROR(__xludf.DUMMYFUNCTION("iferror(array_constrain(split(textjoin(""~"",True,filter(AQ45:BC56,AQ45:AQ56<>"""",isnumber(find(""shield"",lower(AT45:AT56))))),""~""),1,11),"""")"),"")
C26: 14 | F26: =IFERROR(__xludf.DUMMYFUNCTION("""COMPUTED_VALUE"""),"") | H26: 0 | I26: =IFERROR(__xludf.DUMMYFUNCTION("if(and(proficiencyBonus,indirect(regexextract(lower(concatenate(K26:N26)),""[a-z]{3}"")&""Mod"")<>""-""), if(H26<>0,proficiencyBonus*if(H26=""e"",2,1),jackOfAllTrades) +indirect(regexextract(lower(concatenate(K26:N26)),""[a-z]{3}"")&""Mod"") +"&"$AR$58 +sum(arrayformula(int(iferror(trim(left(regexextract(lower(filter({BA$32:BA$56;Additional!$BA$3:$BA$24},regexmatch(lower({BA$32:BA$56;Additional!$BA$3:$BA$24}),""[0-9]+ bonus to ""&regexextract(lower(concatenate(K26:N26)),""[a-z]{3}"")&""[a-z]+"&"? .""&lower(J26)))),""[0-9]+ bonus to ""&regexextract(lower(concatenate(K26:N26)),""[a-z]{3}"")&""[a-z]+? .""&lower(J26)),2)),0)))),""-"")"),1.0) -> 1 | J26: Animal Handling | N26: (Wis) | X26: FAIL. | Y26: 0 | Z26: 0 | AA26: 0 | AQ26: =IFERROR(__xludf.DUMMYFUNCTION("if(level="""","""", if(isnumber($AS$5),$AS$5,10+AR24+if(AW24<>""-"",AW24,0)+defense+mariner+min(if(AS24=""-"",dexMod,AS24),max(if(AS24<>0,dexMod,AS24),dexMod)) +if(regexmatch($AS$5,""\+[0-9]""), if(isnumber(find(""Heavy"",$AS$5)), if(is"&"number(find(""NoHeavy"",$AS$5)), if(isnumber(find(""heavy"",lower($AT$24))),0,int(regexextract($AS$5,""\+[0-9]""))), if(iserror(find(""heavy"",lower($AT$24))),0,int(regexextract($AS$5,""\+[0-9]"")))),int(regexextract($AS$5,""\+[0-9]"")"&")),0) +if(regexmatch($BC$5,""\+[0-9]""), if(isnumber(find(""Heavy"",$BC$5)), if(isnumber(find(""NoHeavy"",$BC$5)), if(isnumber(find(""heavy"",lower($AT$24))),0,int(regexextract($BC$5,""\+[0-9]""))), if(iserror(find(""hea"&"vy"",lower($AT$24))),0,int(regexextract($BC$5,""\+[0-9]"")))),int(regexextract($BC$5,""\+[0-9]""))),0) +AR25+if(AW25<>""-"",AW25,0) +sum(filter(AR45:AR56,iserror(find(""no armor"",BA45:BA56)),AT45:AT56<>""Shield"",not(isnumber(find(""armor"",lower"&"(AT45:AT56)))))) +iferror(sum(arrayformula(vlookup(filter((split($BC$5,""+"")),isnumber(find(split($BC$5,""+""),""halfDexhalfConhalfInthalfWishalfChahalfStr""))),{""halfDex"",max(floor(dexMod/2),1);""halfCon"",max(floor(conMod/2),1);""halfInt"",max(fl"&"oor(intMod/2),1);""halfWis"",max(floor(wisMod/2),1);""halfCha"",max(floor(chaMod/2),1);""halfStr"",max(floor(strMod/2),1)},2,false)))) ))"),12.0) -> 12 | AR26: =IFERROR(__xludf.DUMMYFUNCTION("if(or(level="""",race="""",dexMod=""-""),"""", if(iserror(find(""+"",$BC$5)),$BC$5+if(and(AQ24="""",isnumber(find(""armor of shadows"",lower(AQ61)))),3,0), if($BC$5<>""10+dex"", int(regexextract($BC$5,""[0-9]+"")) +sum(arrayformula(vloo"&"kup(filter((split($BC$5,""+"")),isnumber(find(lower(split($BC$5,""+"")),""halfdexhalfconhalfinthalfwishalfchahalfstr""))),{""dex"",dexMod;""con"",conMod;""int"",intMod;""wis"",wisMod;""cha"",chaMod;""str"",strMod;""halfDex"",max(floor(dexMod/2),1);""halfC"&"on"",max(floor(conMod/2),1);""halfInt"",max(floor(intMod/2),1);""halfWis"",max(floor(wisMod/2),1);""halfCha"",max(floor(chaMod/2),1);""halfStr"",max(floor(strMod/2),1)},2,false))) +if(not(isnumber($AS$5)),if(regexmatch($AS$5,""\+[0-9]""), "&" if(isnumber(find(""Heavy"",$AS$5)), if(isnumber(find(""NoHeavy"",$AS$5)), if(isnumber(find(""heavy"",lower($AT$24))),0,int(regexextract($AS$5,""\+[0-9]""))), if(iserror(find(""heavy"",lower($AT$24))),0,int(regex"&"extract($AS$5,""\+[0-9]"")))),int(regexextract($AS$5,""\+[0-9]""))),0),0) +if(regexmatch($BC$5,""\+[0-9]""), if(isnumber(find(""Heavy"",$BC$5)), if(isnumber(find(""NoHeavy"",$BC$5)), if(isnumber(find(""heavy"""&",lower($AT$24))),0,int(regexextract($BC$5,""\+[0-9]""))), if(iserror(find(""heavy"",lower($AT$24))),0,int(regexextract($BC$5,""\+[0-9]"")))),int(regexextract($BC$5,""\+[0-9]""))),0), 10+dexMod+if(and(AQ24="""",isnumber(find(""armor of sh"&"adows"",lower(AQ61)))),3,0))) +sum(filter(AR45:AR56,lower(AT45:AT56)<>""shield"",if(isnumber(find(""no armor"",lower(BA45:BA56))),AQ24="""",1),if(isnumber(find(""no shield"",lower(BA45:BA56))),AQ25="""",1),not(isnumber(find(""armor"",lower(AT45:AT56)))))"&") +AR25+if(AW25<>""-"",AW25,0))"),12.0) -> 12 | AS26: =IFERROR(__xludf.DUMMYFUNCTION("if(or(level="""",race="""",dexMod=""-""),"""", if(isnumber($AS$5),$AS$5,if($AS$5<>""-"", int(regexextract($AS$5,""[0-9]+"")) +sum(arrayformula(vlookup(filter((split($AS$5,""+"")),isnumber(find(split($AS$5,""+""),""dexconintwischastr""))),{""de"&"x"",dexMod;""con"",conMod;""int"",intMod;""wis"",wisMod;""cha"",chaMod;""str"",strMod},2,false))) +iferror(sum(arrayformula(vlookup(filter((split($BC$5,""+"")),isnumber(find(split($BC$5,""+""),""halfDexhalfConhalfInthalfWishalfChahalfStr""))),{""halfD"&"ex"",max(floor(dexMod/2),1);""halfCon"",max(floor(conMod/2),1);""halfInt"",max(floor(intMod/2),1);""halfWis"",max(floor(wisMod/2),1);""halfCha"",max(floor(chaMod/2),1);""halfStr"",max(floor(strMod/2),1)},2,false))),0) +if(regexmatch($AS$5,""\+[0-9]"")"&", if(isnumber(find(""Heavy"",$AS$5)), if(isnumber(find(""NoHeavy"",$AS$5)), if(isnumber(find(""heavy"",lower($AT$24))),0,int(regexextract($AS$5,""\+[0-9]""))), if(iserror(find(""heavy"",lower($AT$24))),0,int(regexextract($AS"&"$5,""\+[0-9]"")))),int(regexextract($AS$5,""\+[0-9]""))),0), 10+dexMod )) +sum(filter(AR45:AR56,lower(AT45:AT56)<>""shield"",if(isnumber(find(""no armor"",lower(BA45:BA56))),AQ24="""",1),if(isnumber(find(""no shield"",lower(BA45:BA56))),AQ25="""",1)"&",not(isnumber(find(""armor"",lower(AT45:AT56)))))) +AR25+if(AW25<>""-"",AW25,0))"),12.0) -> 12 | AT26: =IFERROR(__xludf.DUMMYFUNCTION("if(or(level="""",race="""",dexMod=""-""),"""", if(isnumber($BA$16),$BA$16,if($BA$16<>""-"", int(regexextract($BA$16,""[0-9]+"")) +sum(arrayformula(vlookup(filter((split($BA$16,""+"")),isnumber(find(split($BA$16,""+""),""dexconintwischastr"")))"&",{""dex"",dexMod;""con"",conMod;""int"",intMod;""wis"",wisMod;""cha"",chaMod;""str"",strMod},2,false))) +iferror(sum(arrayformula(vlookup(filter((split($BC$5,""+"")),isnumber(find(split($BC$5,""+""),""halfDexhalfConhalfInthalfWishalfChahalfStr""))),{"&"""halfDex"",max(floor(dexMod/2),1);""halfCon"",max(floor(conMod/2),1);""halfInt"",max(floor(intMod/2),1);""halfWis"",max(floor(wisMod/2),1);""halfCha"",max(floor(chaMod/2),1);""halfStr"",max(floor(strMod/2),1)},2,false))),0) +if(regexmatch($BA$16,""\+"&"[0-9]""), if(isnumber(find(""Heavy"",$BA$16)), if(isnumber(find(""NoHeavy"",$BA$16)), if(isnumber(find(""heavy"",lower($AT$24))),0,int(regexextract($BA$16,""\+[0-9]""))), if(iserror(find(""heavy"",lower($AT$24))),0,int(regex"&"extract($BA$16,""\+[0-9]"")))),int(regexextract($BA$16,""\+[0-9]""))),0), 10+dexMod )) +sum(filter(AR45:AR56,lower(AT45:AT56)<>""shield"",if(isnumber(find(""no armor"",lower(BA45:BA56))),AQ24="""",1),if(isnumber(find(""no shield"",lower(BA45:BA56)))"&",AQ25="""",1),not(isnumber(find(""armor"",lower(AT45:AT56)))))) +AR25+if(AW25<>""-"",AW25,0))"),12.0) -> 12 | AY26: =IFERROR(__xludf.DUMMYFUNCTION("iferror(sum(arrayformula(int(substitute(regexextract(lower(filter(unique({BA32:BA36;Additional!BA3:BA24}),regexmatch(lower(unique({BA32:BA36;Additional!BA3:BA24})),""[0-9]+ bonus to ability checks""))),""[0-9]+ bonus to ability checks""),"" bonus to abili"&"ty checks"","""")))),"""")"),"") | AZ26: =IFERROR(__xludf.DUMMYFUNCTION("iferror(sum(arrayformula(int(substitute(regexextract(lower(filter(unique({BA32:BA36;Additional!BA3:BA24}),regexmatch(lower(unique({BA32:BA36;Additional!BA3:BA24})),""[0-9]+ bonus to saving throws""))),""[0-9]+ bonus to saving throws""),"" bonus to saving "&"throws"","""")))),"""")"),"")
C27: INT | F27: =IFERROR(__xludf.DUMMYFUNCTION("""COMPUTED_VALUE"""),"") | H27: 1 | I27: =IFERROR(__xludf.DUMMYFUNCTION("if(and(proficiencyBonus,indirect(regexextract(lower(concatenate(K27:N27)),""[a-z]{3}"")&""Mod"")<>""-""), if(H27<>0,proficiencyBonus*if(H27=""e"",2,1),jackOfAllTrades) +indirect(regexextract(lower(concatenate(K27:N27)),""[a-z]{3}"")&""Mod"") +"&"$AR$58 +sum(arrayformula(int(iferror(trim(left(regexextract(lower(filter({BA$32:BA$56;Additional!$BA$3:$BA$24},regexmatch(lower({BA$32:BA$56;Additional!$BA$3:$BA$24}),""[0-9]+ bonus to ""&regexextract(lower(concatenate(K27:N27)),""[a-z]{3}"")&""[a-z]+"&"? .""&lower(J27)))),""[0-9]+ bonus to ""&regexextract(lower(concatenate(K27:N27)),""[a-z]{3}"")&""[a-z]+? .""&lower(J27)),2)),0)))),""-"")"),8.0) -> 8 | J27: Arcana | L27: (Int) | R27: HIT DICE | X27: =if(AND(Y26<>0,Z26<>0,AA26<>0),"DEAD",if(AND(Y25<>0,Z25<>0,AA25<>0),"STABLE","DEATH SAVES")) -> DEATH SAVES | AE27: FLAWS
C28: =if(C30="-","-",INT((C30-10)/2)) -> 5 | F28: =IFERROR(__xludf.DUMMYFUNCTION("""COMPUTED_VALUE"""),"") | H28: 0 | I28: =IFERROR(__xludf.DUMMYFUNCTION("if(and(proficiencyBonus,indirect(regexextract(lower(concatenate(K28:N28)),""[a-z]{3}"")&""Mod"")<>""-""), if(H28<>0,proficiencyBonus*if(H28=""e"",2,1),max(jackOfAllTrades,iferror(if(and(vlookup(""Fighter"",$AR$6:$AS$15,2,false)=""Champion"",FighterLev"&"el>=7),CEILING(proficiencyBonus/2),0),0))) +indirect(regexextract(lower(concatenate(K28:N28)),""[a-z]{3}"")&""Mod"") +$AR$58 +sum(arrayformula(int(iferror(trim(left(regexextract(lower(filter({BA$32:BA$56;Additional!$BA$3:$BA$24},regexmatch(low"&"er({BA$32:BA$56;Additional!$BA$3:$BA$24}),""[0-9]+ bonus to ""&regexextract(lower(concatenate(K28:N28)),""[a-z]{3}"")&""[a-z]+? .""&lower(J28)))),""[0-9]+ bonus to ""&regexextract(lower(concatenate(K28:N28)),""[a-z]{3}"")&""[a-z]+? .""&lower(J28)),2)),0))"&")),""-"")"),-1.0) -> -1 | J28: Athletics | M28: (Str) | AE28: ALIGNMENT:
F29: =IFERROR(__xludf.DUMMYFUNCTION("""COMPUTED_VALUE"""),"") | H29: 0 | I29: =IFERROR(__xludf.DUMMYFUNCTION("if(and(proficiencyBonus,indirect(regexextract(lower(concatenate(K29:N29)),""[a-z]{3}"")&""Mod"")<>""-""), if(H29<>0,proficiencyBonus*if(H29=""e"",2,1),jackOfAllTrades) +indirect(regexextract(lower(concatenate(K29:N29)),""[a-z]{3}"")&""Mod"") +"&"$AR$58 +sum(arrayformula(int(iferror(trim(left(regexextract(lower(filter({BA$32:BA$56;Additional!$BA$3:$BA$24},regexmatch(lower({BA$32:BA$56;Additional!$BA$3:$BA$24}),""[0-9]+ bonus to ""&regexextract(lower(concatenate(K29:N29)),""[a-z]{3}"")&""[a-z]+"&"? .""&lower(J29)))),""[0-9]+ bonus to ""&regexextract(lower(concatenate(K29:N29)),""[a-z]{3}"")&""[a-z]+? .""&lower(J29)),2)),0)))),""-"")"),-1.0) -> -1 | J29: Deception | M29: (Cha) | Q29: =IMAGE("https://i.imgur.com/pxrdqMy.png",2) | AD29: =IMAGE("https://i.imgur.com/pxrdqMy.png",2)
C30: =IFERROR(__xludf.DUMMYFUNCTION("if(C31,min(30,max( iferror(int(trim(right(regexextract(Additional!$AR$79,lower(C27)&""[a-z]+? score is [0-9]+""),2))),0), iferror(int(trim(right(regexextract(Additional!$AR$79,lower(C27)&""[a-z]+? score changes to [0-9]+""),2))),0), min(iferror(int(trim(r"&"ight(regexextract(Additional!$AR$79,lower(C27)&""[a-z]+? [a-z ]+maximum of [0-9]+?""),2))),20), C31+ iferror(if(find(regexextract($AR$5,lower(C27)&"" \+[0-9]""),$AR$5)<iferror(find(""choose"",lower($AR$5)),len($AR$5)),int(right(regexextract($AR$5,lower(C2"&"7)&"" \+[0-9]""),1)),0),0)- iferror(if(find(regexextract($AR$5,lower(C27)&"" \-[0-9]""),$AR$5)<iferror(find(""choose"",lower($AR$5)),len($AR$5)),int(right(regexextract($AR$5,lower(C27)&"" \-[0-9]""),1)),0),0) +D31)) +sum(arrayformula(int(iferror(trim(righ"&"t(regexextract(lower(filter({BA$32:BA$56;Additional!$BA$3:$BA$24},regexmatch(lower({BA$32:BA$56;Additional!$BA$3:$BA$24}),lower(C27)&""[a-z]+? score increases by [0-9]+""))),lower(C27)&""[a-z]+? score increases by [0-9]+""),2)),0))))),""-"")"),20.0) -> 20 | F30: =IFERROR(__xludf.DUMMYFUNCTION("""COMPUTED_VALUE"""),"") | H30: 1 | I30: =IFERROR(__xludf.DUMMYFUNCTION("if(and(proficiencyBonus,indirect(regexextract(lower(concatenate(K30:N30)),""[a-z]{3}"")&""Mod"")<>""-""), if(H30<>0,proficiencyBonus*if(H30=""e"",2,1),jackOfAllTrades) +indirect(regexextract(lower(concatenate(K30:N30)),""[a-z]{3}"")&""Mod"") +"&"$AR$58 +sum(arrayformula(int(iferror(trim(left(regexextract(lower(filter({BA$32:BA$56;Additional!$BA$3:$BA$24},regexmatch(lower({BA$32:BA$56;Additional!$BA$3:$BA$24}),""[0-9]+ bonus to ""&regexextract(lower(concatenate(K30:N30)),""[a-z]{3}"")&""[a-z]+"&"? .""&lower(J30)))),""[0-9]+ bonus to ""&regexextract(lower(concatenate(K30:N30)),""[a-z]{3}"")&""[a-z]+? .""&lower(J30)),2)),0)))),""-"")"),8.0) -> 8 | J30: History | L30: (Int) | Q30: =IMAGE("https://i.imgur.com/AaGmGAX.png",4, 608, 20) | AO30: =image("https://i.imgur.com/H6Xrt2L.png",4, 1191, 20)
C31: 15 | D31: 3 | F31: =IFERROR(__xludf.DUMMYFUNCTION("""COMPUTED_VALUE"""),"") | H31: 0 | I31: =IFERROR(__xludf.DUMMYFUNCTION("if(and(proficiencyBonus,indirect(regexextract(lower(concatenate(K31:N31)),""[a-z]{3}"")&""Mod"")<>""-""), if(H31<>0,proficiencyBonus*if(H31=""e"",2,1),jackOfAllTrades) +indirect(regexextract(lower(concatenate(K31:N31)),""[a-z]{3}"")&""Mod"") +"&"$AR$58 +sum(arrayformula(int(iferror(trim(left(regexextract(lower(filter({BA$32:BA$56;Additional!$BA$3:$BA$24},regexmatch(lower({BA$32:BA$56;Additional!$BA$3:$BA$24}),""[0-9]+ bonus to ""&regexextract(lower(concatenate(K31:N31)),""[a-z]{3}"")&""[a-z]+"&"? .""&lower(J31)))),""[0-9]+ bonus to ""&regexextract(lower(concatenate(K31:N31)),""[a-z]{3}"")&""[a-z]+? .""&lower(J31)),2)),0)))),""-"")"),1.0) -> 1 | J31: Insight | L31: (Wis) | R31: NAME | Y31: ATK BONUS | AC31: DAMAGE/TYPE
C32: WIS | F32: =IFERROR(__xludf.DUMMYFUNCTION("""COMPUTED_VALUE"""),"") | H32: 0 | I32: =IFERROR(__xludf.DUMMYFUNCTION("if(and(proficiencyBonus,indirect(regexextract(lower(concatenate(K32:N32)),""[a-z]{3}"")&""Mod"")<>""-""), if(H32<>0,proficiencyBonus*if(H32=""e"",2,1),jackOfAllTrades) +indirect(regexextract(lower(concatenate(K32:N32)),""[a-z]{3}"")&""Mod"") +"&"$AR$58 +sum(arrayformula(int(iferror(trim(left(regexextract(lower(filter({BA$32:BA$56;Additional!$BA$3:$BA$24},regexmatch(lower({BA$32:BA$56;Additional!$BA$3:$BA$24}),""[0-9]+ bonus to ""&regexextract(lower(concatenate(K32:N32)),""[a-z]{3}"")&""[a-z]+"&"? .""&lower(J32)))),""[0-9]+ bonus to ""&regexextract(lower(concatenate(K32:N32)),""[a-z]{3}"")&""[a-z]+? .""&lower(J32)),2)),0)))),""-"")"),-1.0) -> -1 | J32: Intimidation | M32: (Cha) | R32: Dagger | X32: =IMAGE("http://i.imgur.com/qlVxTyw.png",3) | Y32: =IFERROR(__xludf.DUMMYFUNCTION("if(and(proficiencyBonus,$AQ32<>"""",$BC32<>""-""), if(or( isnumber(find(""unarmed"",lower($AT32))), isnumber(find(""natural"",lower($AT32))), isnumber(find(""spell"",lower($AT32))), and(isnum"&"ber(find(""improvised"",lower($AQ32))),isnumber(find(""brawler"",feats))), isnumber(find(lower($AT32),lower(weaponProficiencies))), not(isna(filter(arrayformula(trim(split(lower(weaponProficiencies),"",""))),isnumber(find(array"&"formula(trim(split(lower(weaponProficiencies),"",""))),lower($AQ32)))))) ), proficiencyBonus, 0 ) +if(lower($AU32)=""ranged"",archery+closeQuarters,0) +if(isnumber(find(""spell"",lower($AT32))),v2.1"&"!$AR$91,0) +$BC32, ""-"" )"),5.0) -> 5 | AB32: =IMAGE("http://i.imgur.com/qlVxTyw.png",3) | AC32: =IFERROR(__xludf.DUMMYFUNCTION("substitute(if(and($AQ32<>"""",proficiencyBonus<>""""), $AR32&if(and(""melee""=lower($AU32),lower($AT32)<>""unarmed"",isnumber(find(""two-handed"",lower($R32&$BA32)))),greatWeaponFighting,"""") &if($AR32<>0,""+"" &if($BB32<>""〇"",$BC32,if($AW32<>""-"",$AW"&"32,0)) +int(iferror(regexextract(regexextract(Additional!$AR$79,""proficiency with[a-z ]+""&lower(array_constrain(filter('Attack Info'!$B$7:$B1180,'Attack Info'!$B$7:$B1180<>"""",isnumber(find(lower('Attack Info'!$B$7:$B1180),lower($AQ32)))),1,1))&""[a-z,"&" ]+\+[0-9]+ bonus to damage[a-z ]+with such weapons""),""[0-9]+?""),0)) +int(iferror(regexextract(regexextract(Additional!$AR$79,""\+[0-9] bonus to damage[a-z ]+""&lower(array_constrain(filter('Attack Info'!$B$7:$B1180,'Attack Info'!$B$7:$B1180<>"""",isnu"&"mber(find(lower('Attack Info'!$B$7:$B1180),lower($AQ32)))),1,1))),""[0-9]+?""),0)) +if(and(isnumber(find(""melee"",lower($AU32))),iserror(find(""unarmed"",lower($AT32))),iserror(find(""natural"",lower($AT32))),iserror(find(""two-handed"",lower($R32&$BA32)"&"))),dueling,0) +if(isnumber(find(""thrown"",lower($BA32))),thrown,0) &""[""&$AS32&""]"","""") &if(and(PaladinLevel>=11,isnumber(find(""melee"",lower($AU32))),isnumber(find(lower($AT32),""simplemartial""))),""+1d8[radiant]"","""") &if($AX32<>""-"",""+""&$A"&"X32&""[""&$AY32&""]"","""") &if(and(isnumber(find(""pact"",lower($AQ32))),isnumber(find(""lifedrinker"",lower(invocations)))),""+""&chaMod&""[necrotic]"","""") &""|***""&textjoin("" "",True,if(and($AT32<>""-"",$AT32<>""Spell""),$AT32,""""),if($AU32<>""-"""&",$AU32,""""),if($AT32=""Spell"",$AT32,if(and($AT32<>""Unarmed"",$AT32<>""Natural""),""Weapon"","""")))&"" Attack.***"" &if($BA32<>""-"","" ""&$BA32,"""") &if(and(isnumber(find(""melee"",lower($AU32))),iserror(find(""unarmed"",lower($AT32))),iserror(find("&"""natural"",lower($AT32))),iserror(find(""two-handed"",lower($R32&$AV32)))),"" ""&duelingText,"""") &if(and(or(lower($AT32)=""unarmed"",lower($AT32)=""natural""),unarmedFighting),"" ""&unarmedText,"""") &if(and(""melee""=lower($AU32),lower($AT32)<>""unarm"&"ed"",isnumber(find(""two-handed"",lower($R32&$BA32)))),"" ""&gwfText,"""") &if(and(isnumber(find(""offhand"",lower($R32))),twoWeaponFighting),"" ""&twfText,"""") &if(and(lower($AU32)=""ranged"",lower($AT32)<>""spell""),if(archeryText<>"""","" ""&archeryTe"&"xt,"""")&if(closeQuartersText<>"""","" ""&closeQuartersText,""""),"""") &if(isnumber(find(""thrown"",lower($BA32))),"" ""&thrownText,""""),"" -""),""+0"","""")"),"1d4+2[piercing]|***Simple Melee or Ranged Weapon Attack.*** Finesse, Light, Thrown (range 20/60) ") -> 1d4+2[piercing]|***Simple Melee or Ranged Weapon Attack.*** Finesse, Light, Thrown (range 20/60) | AQ32: =IFERROR(__xludf.DUMMYFUNCTION("iferror(array_constrain(split(textjoin(""~"",True,filter('Attack Info'!$B$7:$AN1180,'Attack Info'!$B$7:$B1180<>"""",lower('Attack Info'!$B$7:$B1180)=lower(R32))),""~""),1,12),"""")"),"Dagger") -> Dagger | AR32: =IFERROR(__xludf.DUMMYFUNCTION("""COMPUTED_VALUE"""),"1d4") -> 1d4 | AS32: =IFERROR(__xludf.DUMMYFUNCTION("""COMPUTED_VALUE"""),"piercing") -> piercing | AT32: =IFERROR(__xludf.DUMMYFUNCTION("""COMPUTED_VALUE"""),"Simple") -> Simple | AU32: =IFERROR(__xludf.DUMMYFUNCTION("""COMPUTED_VALUE"""),"Melee or Ranged") -> Melee or Ranged | AV32: =IFERROR(__xludf.DUMMYFUNCTION("""COMPUTED_VALUE"""),"◉") -> ◉ | AW32: =IFERROR(__xludf.DUMMYFUNCTION("""COMPUTED_VALUE"""),"-") -> - | AX32: =IFERROR(__xludf.DUMMYFUNCTION("""COMPUTED_VALUE"""),"-") -> - | AY32: =IFERROR(__xludf.DUMMYFUNCTION("""COMPUTED_VALUE"""),"-") -> - | AZ32: =IFERROR(__xludf.DUMMYFUNCTION("""COMPUTED_VALUE"""),"-") -> - | BA32: =IFERROR(__xludf.DUMMYFUNCTION("""COMPUTED_VALUE"""),"Finesse, Light, Thrown (range 20/60)") -> Finesse, Light, Thrown (range 20/60) | BB32: =IFERROR(__xludf.DUMMYFUNCTION("""COMPUTED_VALUE"""),"◉") -> ◉ | BC32: {=if(and(strMod<>"-",dexMod<>"-"),if($AQ32<>"",if($AW32<>"-",$AW32,0) +if(isnumber(find(lower($AZ32),"strdexconintwischa")),if(indirect(lower($AZ32)&"Mod")<>"-",indirect(lower($AZ32)&"Mod"),0), if(or(isnumber(find("finesse",lower($BA32))),and($AV32<>"〇",MonkLevel<>"",MonkLevel>0)),max(strMod,dexMod),if(lower($AU32)="ranged",dexMod,strMod))),""),"-")} -> 2
C33: =if(C35="-","-",INT((C35-10)/2)) -> 1 | F33: =IFERROR(__xludf.DUMMYFUNCTION("""COMPUTED_VALUE"""),"") | H33: 1 | I33: =IFERROR(__xludf.DUMMYFUNCTION("if(and(proficiencyBonus,indirect(regexextract(lower(concatenate(K33:N33)),""[a-z]{3}"")&""Mod"")<>""-""), if(H33<>0,proficiencyBonus*if(H33=""e"",2,1),jackOfAllTrades) +indirect(regexextract(lower(concatenate(K33:N33)),""[a-z]{3}"")&""Mod"") +"&"$AR$58 +sum(arrayformula(int(iferror(trim(left(regexextract(lower(filter({BA$32:BA$56;Additional!$BA$3:$BA$24},regexmatch(lower({BA$32:BA$56;Additional!$BA$3:$BA$24}),""[0-9]+ bonus to ""&regexextract(lower(concatenate(K33:N33)),""[a-z]{3}"")&""[a-z]+"&"? .""&lower(J33)))),""[0-9]+ bonus to ""&regexextract(lower(concatenate(K33:N33)),""[a-z]{3}"")&""[a-z]+? .""&lower(J33)),2)),0)))),""-"")"),8.0) -> 8 | J33: Investigation | M33: (Int) | X33: =IMAGE("http://i.imgur.com/qlVxTyw.png",3) | Y33: =IFERROR(__xludf.DUMMYFUNCTION("if(and(proficiencyBonus,$AQ33<>"""",$BC33<>""-""), if(or( isnumber(find(""unarmed"",lower($AT33))), isnumber(find(""natural"",lower($AT33))), isnumber(find(""spell"",lower($AT33))), and(isnum"&"ber(find(""improvised"",lower($AQ33))),isnumber(find(""brawler"",feats))), isnumber(find(lower($AT33),lower(weaponProficiencies))), not(isna(filter(arrayformula(trim(split(lower(weaponProficiencies),"",""))),isnumber(find(array"&"formula(trim(split(lower(weaponProficiencies),"",""))),lower($AQ33)))))) ), proficiencyBonus, 0 ) +if(lower($AU33)=""ranged"",archery+closeQuarters,0) +if(isnumber(find(""spell"",lower($AT33))),v2.1"&"!$AR$91,0) +$BC33, ""-"" )"),"-") -> - | AB33: =IMAGE("http://i.imgur.com/qlVxTyw.png",3) | AC33: =IFERROR(__xludf.DUMMYFUNCTION("substitute(if(and($AQ33<>"""",proficiencyBonus<>""""), $AR33&if(and(""melee""=lower($AU33),lower($AT33)<>""unarmed"",isnumber(find(""two-handed"",lower($R33&$BA33)))),greatWeaponFighting,"""") &if($AR33<>0,""+"" &if($BB33<>""〇"",$BC33,if($AW33<>""-"",$AW"&"33,0)) +int(iferror(regexextract(regexextract(Additional!$AR$79,""proficiency with[a-z ]+""&lower(array_constrain(filter('Attack Info'!$B$7:$B1180,'Attack Info'!$B$7:$B1180<>"""",isnumber(find(lower('Attack Info'!$B$7:$B1180),lower($AQ33)))),1,1))&""[a-z,"&" ]+\+[0-9]+ bonus to damage[a-z ]+with such weapons""),""[0-9]+?""),0)) +int(iferror(regexextract(regexextract(Additional!$AR$79,""\+[0-9] bonus to damage[a-z ]+""&lower(array_constrain(filter('Attack Info'!$B$7:$B1180,'Attack Info'!$B$7:$B1180<>"""",isnu"&"mber(find(lower('Attack Info'!$B$7:$B1180),lower($AQ33)))),1,1))),""[0-9]+?""),0)) +if(and(isnumber(find(""melee"",lower($AU33))),iserror(find(""unarmed"",lower($AT33))),iserror(find(""natural"",lower($AT33))),iserror(find(""two-handed"",lower($R33&$BA33)"&"))),dueling,0) +if(isnumber(find(""thrown"",lower($BA33))),thrown,0) &""[""&$AS33&""]"","""") &if(and(PaladinLevel>=11,isnumber(find(""melee"",lower($AU33))),isnumber(find(lower($AT33),""simplemartial""))),""+1d8[radiant]"","""") &if($AX33<>""-"",""+""&$A"&"X33&""[""&$AY33&""]"","""") &if(and(isnumber(find(""pact"",lower($AQ33))),isnumber(find(""lifedrinker"",lower(invocations)))),""+""&chaMod&""[necrotic]"","""") &""|***""&textjoin("" "",True,if(and($AT33<>""-"",$AT33<>""Spell""),$AT33,""""),if($AU33<>""-"""&",$AU33,""""),if($AT33=""Spell"",$AT33,if(and($AT33<>""Unarmed"",$AT33<>""Natural""),""Weapon"","""")))&"" Attack.***"" &if($BA33<>""-"","" ""&$BA33,"""") &if(and(isnumber(find(""melee"",lower($AU33))),iserror(find(""unarmed"",lower($AT33))),iserror(find("&"""natural"",lower($AT33))),iserror(find(""two-handed"",lower($R33&$AV33)))),"" ""&duelingText,"""") &if(and(or(lower($AT33)=""unarmed"",lower($AT33)=""natural""),unarmedFighting),"" ""&unarmedText,"""") &if(and(""melee""=lower($AU33),lower($AT33)<>""unarm"&"ed"",isnumber(find(""two-handed"",lower($R33&$BA33)))),"" ""&gwfText,"""") &if(and(isnumber(find(""offhand"",lower($R33))),twoWeaponFighting),"" ""&twfText,"""") &if(and(lower($AU33)=""ranged"",lower($AT33)<>""spell""),if(archeryText<>"""","" ""&archeryTe"&"xt,"""")&if(closeQuartersText<>"""","" ""&closeQuartersText,""""),"""") &if(isnumber(find(""thrown"",lower($BA33))),"" ""&thrownText,""""),"" -""),""+0"","""")")," -") -> - | AQ33: =IFERROR(__xludf.DUMMYFUNCTION("iferror(array_constrain(split(textjoin(""~"",True,filter('Attack Info'!$B$7:$AN1180,'Attack Info'!$B$7:$B1180<>"""",lower('Attack Info'!$B$7:$B1180)=lower(R33))),""~""),1,12),"""")"),"") | BC33: {=if(and(strMod<>"-",dexMod<>"-"),if($AQ33<>"",if($AW33<>"-",$AW33,0) +if(isnumber(find(lower($AZ33),"strdexconintwischa")),if(indirect(lower($AZ33)&"Mod")<>"-",indirect(lower($AZ33)&"Mod"),0), if(or(isnumber(find("finesse",lower($BA33))),and($AV33<>"〇",MonkLevel<>"",MonkLevel>0)),max(strMod,dexMod),if(lower($AU33)="ranged",dexMod,strMod))),""),"-")}
F34: =IFERROR(__xludf.DUMMYFUNCTION("""COMPUTED_VALUE"""),"") | H34: 0 | I34: =IFERROR(__xludf.DUMMYFUNCTION("if(and(proficiencyBonus,indirect(regexextract(lower(concatenate(K34:N34)),""[a-z]{3}"")&""Mod"")<>""-""), if(H34<>0,proficiencyBonus*if(H34=""e"",2,1),jackOfAllTrades) +indirect(regexextract(lower(concatenate(K34:N34)),""[a-z]{3}"")&""Mod"") +"&"$AR$58 +sum(arrayformula(int(iferror(trim(left(regexextract(lower(filter({BA$32:BA$56;Additional!$BA$3:$BA$24},regexmatch(lower({BA$32:BA$56;Additional!$BA$3:$BA$24}),""[0-9]+ bonus to ""&regexextract(lower(concatenate(K34:N34)),""[a-z]{3}"")&""[a-z]+"&"? .""&lower(J34)))),""[0-9]+ bonus to ""&regexextract(lower(concatenate(K34:N34)),""[a-z]{3}"")&""[a-z]+? .""&lower(J34)),2)),0)))),""-"")"),1.0) -> 1 | J34: Medicine | M34: (Wis) | X34: =IMAGE("http://i.imgur.com/qlVxTyw.png",3) | Y34: =IFERROR(__xludf.DUMMYFUNCTION("if(and(proficiencyBonus,$AQ34<>"""",$BC34<>""-""), if(or( isnumber(find(""unarmed"",lower($AT34))), isnumber(find(""natural"",lower($AT34))), isnumber(find(""spell"",lower($AT34))), and(isnum"&"ber(find(""improvised"",lower($AQ34))),isnumber(find(""brawler"",feats))), isnumber(find(lower($AT34),lower(weaponProficiencies))), not(isna(filter(arrayformula(trim(split(lower(weaponProficiencies),"",""))),isnumber(find(array"&"formula(trim(split(lower(weaponProficiencies),"",""))),lower($AQ34)))))) ), proficiencyBonus, 0 ) +if(lower($AU34)=""ranged"",archery+closeQuarters,0) +if(isnumber(find(""spell"",lower($AT34))),v2.1"&"!$AR$91,0) +$BC34, ""-"" )"),"-") -> - | AB34: =IMAGE("http://i.imgur.com/qlVxTyw.png",3) | AC34: =IFERROR(__xludf.DUMMYFUNCTION("substitute(if(and($AQ34<>"""",proficiencyBonus<>""""), $AR34&if(and(""melee""=lower($AU34),lower($AT34)<>""unarmed"",isnumber(find(""two-handed"",lower($R34&$BA34)))),greatWeaponFighting,"""") &if($AR34<>0,""+"" &if($BB34<>""〇"",$BC34,if($AW34<>""-"",$AW"&"34,0)) +int(iferror(regexextract(regexextract(Additional!$AR$79,""proficiency with[a-z ]+""&lower(array_constrain(filter('Attack Info'!$B$7:$B1180,'Attack Info'!$B$7:$B1180<>"""",isnumber(find(lower('Attack Info'!$B$7:$B1180),lower($AQ34)))),1,1))&""[a-z,"&" ]+\+[0-9]+ bonus to damage[a-z ]+with such weapons""),""[0-9]+?""),0)) +int(iferror(regexextract(regexextract(Additional!$AR$79,""\+[0-9] bonus to damage[a-z ]+""&lower(array_constrain(filter('Attack Info'!$B$7:$B1180,'Attack Info'!$B$7:$B1180<>"""",isnu"&"mber(find(lower('Attack Info'!$B$7:$B1180),lower($AQ34)))),1,1))),""[0-9]+?""),0)) +if(and(isnumber(find(""melee"",lower($AU34))),iserror(find(""unarmed"",lower($AT34))),iserror(find(""natural"",lower($AT34))),iserror(find(""two-handed"",lower($R34&$BA34)"&"))),dueling,0) +if(isnumber(find(""thrown"",lower($BA34))),thrown,0) &""[""&$AS34&""]"","""") &if(and(PaladinLevel>=11,isnumber(find(""melee"",lower($AU34))),isnumber(find(lower($AT34),""simplemartial""))),""+1d8[radiant]"","""") &if($AX34<>""-"",""+""&$A"&"X34&""[""&$AY34&""]"","""") &if(and(isnumber(find(""pact"",lower($AQ34))),isnumber(find(""lifedrinker"",lower(invocations)))),""+""&chaMod&""[necrotic]"","""") &""|***""&textjoin("" "",True,if(and($AT34<>""-"",$AT34<>""Spell""),$AT34,""""),if($AU34<>""-"""&",$AU34,""""),if($AT34=""Spell"",$AT34,if(and($AT34<>""Unarmed"",$AT34<>""Natural""),""Weapon"","""")))&"" Attack.***"" &if($BA34<>""-"","" ""&$BA34,"""") &if(and(isnumber(find(""melee"",lower($AU34))),iserror(find(""unarmed"",lower($AT34))),iserror(find("&"""natural"",lower($AT34))),iserror(find(""two-handed"",lower($R34&$AV34)))),"" ""&duelingText,"""") &if(and(or(lower($AT34)=""unarmed"",lower($AT34)=""natural""),unarmedFighting),"" ""&unarmedText,"""") &if(and(""melee""=lower($AU34),lower($AT34)<>""unarm"&"ed"",isnumber(find(""two-handed"",lower($R34&$BA34)))),"" ""&gwfText,"""") &if(and(isnumber(find(""offhand"",lower($R34))),twoWeaponFighting),"" ""&twfText,"""") &if(and(lower($AU34)=""ranged"",lower($AT34)<>""spell""),if(archeryText<>"""","" ""&archeryTe"&"xt,"""")&if(closeQuartersText<>"""","" ""&closeQuartersText,""""),"""") &if(isnumber(find(""thrown"",lower($BA34))),"" ""&thrownText,""""),"" -""),""+0"","""")")," -") -> - | AQ34: =IFERROR(__xludf.DUMMYFUNCTION("iferror(array_constrain(split(textjoin(""~"",True,filter('Attack Info'!$B$7:$AN1180,'Attack Info'!$B$7:$B1180<>"""",lower('Attack Info'!$B$7:$B1180)=lower(R34))),""~""),1,12),"""")"),"") | BC34: {=if(and(strMod<>"-",dexMod<>"-"),if($AQ34<>"",if($AW34<>"-",$AW34,0) +if(isnumber(find(lower($AZ34),"strdexconintwischa")),if(indirect(lower($AZ34)&"Mod")<>"-",indirect(lower($AZ34)&"Mod"),0), if(or(isnumber(find("finesse",lower($BA34))),and($AV34<>"〇",MonkLevel<>"",MonkLevel>0)),max(strMod,dexMod),if(lower($AU34)="ranged",dexMod,strMod))),""),"-")}
C35: =IFERROR(__xludf.DUMMYFUNCTION("if(C36,min(30,max( iferror(int(trim(right(regexextract(Additional!$AR$79,lower(C32)&""[a-z]+? score is [0-9]+""),2))),0), iferror(int(trim(right(regexextract(Additional!$AR$79,lower(C32)&""[a-z]+? score changes to [0-9]+""),2))),0), min(iferror(int(trim(r"&"ight(regexextract(Additional!$AR$79,lower(C32)&""[a-z]+? [a-z ]+maximum of [0-9]+?""),2))),20), C36+ iferror(if(find(regexextract($AR$5,lower(C32)&"" \+[0-9]""),$AR$5)<iferror(find(""choose"",lower($AR$5)),len($AR$5)),int(right(regexextract($AR$5,lower(C3"&"2)&"" \+[0-9]""),1)),0),0)- iferror(if(find(regexextract($AR$5,lower(C32)&"" \-[0-9]""),$AR$5)<iferror(find(""choose"",lower($AR$5)),len($AR$5)),int(right(regexextract($AR$5,lower(C32)&"" \-[0-9]""),1)),0),0) +D36)) +sum(arrayformula(int(iferror(trim(righ"&"t(regexextract(lower(filter({BA$32:BA$56;Additional!$BA$3:$BA$24},regexmatch(lower({BA$32:BA$56;Additional!$BA$3:$BA$24}),lower(C32)&""[a-z]+? score increases by [0-9]+""))),lower(C32)&""[a-z]+? score increases by [0-9]+""),2)),0))))),""-"")"),12.0) -> 12 | F35: =IFERROR(__xludf.DUMMYFUNCTION("""COMPUTED_VALUE"""),"") | H35: 0 | I35: =IFERROR(__xludf.DUMMYFUNCTION("if(and(proficiencyBonus,indirect(regexextract(lower(concatenate(K35:N35)),""[a-z]{3}"")&""Mod"")<>""-""), if(H35<>0,proficiencyBonus*if(H35=""e"",2,1),jackOfAllTrades) +indirect(regexextract(lower(concatenate(K35:N35)),""[a-z]{3}"")&""Mod"") +"&"$AR$58 +sum(arrayformula(int(iferror(trim(left(regexextract(lower(filter({BA$32:BA$56;Additional!$BA$3:$BA$24},regexmatch(lower({BA$32:BA$56;Additional!$BA$3:$BA$24}),""[0-9]+ bonus to ""&regexextract(lower(concatenate(K35:N35)),""[a-z]{3}"")&""[a-z]+"&"? .""&lower(J35)))),""[0-9]+ bonus to ""&regexextract(lower(concatenate(K35:N35)),""[a-z]{3}"")&""[a-z]+? .""&lower(J35)),2)),0)))),""-"")"),5.0) -> 5 | J35: Nature | L35: (Int) | X35: =IMAGE("http://i.imgur.com/qlVxTyw.png",3) | Y35: =IFERROR(__xludf.DUMMYFUNCTION("if(and(proficiencyBonus,$AQ35<>"""",$BC35<>""-""), if(or( isnumber(find(""unarmed"",lower($AT35))), isnumber(find(""natural"",lower($AT35))), isnumber(find(""spell"",lower($AT35))), and(isnum"&"ber(find(""improvised"",lower($AQ35))),isnumber(find(""brawler"",feats))), isnumber(find(lower($AT35),lower(weaponProficiencies))), not(isna(filter(arrayformula(trim(split(lower(weaponProficiencies),"",""))),isnumber(find(array"&"formula(trim(split(lower(weaponProficiencies),"",""))),lower($AQ35)))))) ), proficiencyBonus, 0 ) +if(lower($AU35)=""ranged"",archery+closeQuarters,0) +if(isnumber(find(""spell"",lower($AT35))),v2.1"&"!$AR$91,0) +$BC35, ""-"" )"),"-") -> - | AB35: =IMAGE("http://i.imgur.com/qlVxTyw.png",3) | AC35: =IFERROR(__xludf.DUMMYFUNCTION("substitute(if(and($AQ35<>"""",proficiencyBonus<>""""), $AR35&if(and(""melee""=lower($AU35),lower($AT35)<>""unarmed"",isnumber(find(""two-handed"",lower($R35&$BA35)))),greatWeaponFighting,"""") &if($AR35<>0,""+"" &if($BB35<>""〇"",$BC35,if($AW35<>""-"",$AW"&"35,0)) +int(iferror(regexextract(regexextract(Additional!$AR$79,""proficiency with[a-z ]+""&lower(array_constrain(filter('Attack Info'!$B$7:$B1180,'Attack Info'!$B$7:$B1180<>"""",isnumber(find(lower('Attack Info'!$B$7:$B1180),lower($AQ35)))),1,1))&""[a-z,"&" ]+\+[0-9]+ bonus to damage[a-z ]+with such weapons""),""[0-9]+?""),0)) +int(iferror(regexextract(regexextract(Additional!$AR$79,""\+[0-9] bonus to damage[a-z ]+""&lower(array_constrain(filter('Attack Info'!$B$7:$B1180,'Attack Info'!$B$7:$B1180<>"""",isnu"&"mber(find(lower('Attack Info'!$B$7:$B1180),lower($AQ35)))),1,1))),""[0-9]+?""),0)) +if(and(isnumber(find(""melee"",lower($AU35))),iserror(find(""unarmed"",lower($AT35))),iserror(find(""natural"",lower($AT35))),iserror(find(""two-handed"",lower($R35&$BA35)"&"))),dueling,0) +if(isnumber(find(""thrown"",lower($BA35))),thrown,0) &""[""&$AS35&""]"","""") &if(and(PaladinLevel>=11,isnumber(find(""melee"",lower($AU35))),isnumber(find(lower($AT35),""simplemartial""))),""+1d8[radiant]"","""") &if($AX35<>""-"",""+""&$A"&"X35&""[""&$AY35&""]"","""") &if(and(isnumber(find(""pact"",lower($AQ35))),isnumber(find(""lifedrinker"",lower(invocations)))),""+""&chaMod&""[necrotic]"","""") &""|***""&textjoin("" "",True,if(and($AT35<>""-"",$AT35<>""Spell""),$AT35,""""),if($AU35<>""-"""&",$AU35,""""),if($AT35=""Spell"",$AT35,if(and($AT35<>""Unarmed"",$AT35<>""Natural""),""Weapon"","""")))&"" Attack.***"" &if($BA35<>""-"","" ""&$BA35,"""") &if(and(isnumber(find(""melee"",lower($AU35))),iserror(find(""unarmed"",lower($AT35))),iserror(find("&"""natural"",lower($AT35))),iserror(find(""two-handed"",lower($R35&$AV35)))),"" ""&duelingText,"""") &if(and(or(lower($AT35)=""unarmed"",lower($AT35)=""natural""),unarmedFighting),"" ""&unarmedText,"""") &if(and(""melee""=lower($AU35),lower($AT35)<>""unarm"&"ed"",isnumber(find(""two-handed"",lower($R35&$BA35)))),"" ""&gwfText,"""") &if(and(isnumber(find(""offhand"",lower($R35))),twoWeaponFighting),"" ""&twfText,"""") &if(and(lower($AU35)=""ranged"",lower($AT35)<>""spell""),if(archeryText<>"""","" ""&archeryTe"&"xt,"""")&if(closeQuartersText<>"""","" ""&closeQuartersText,""""),"""") &if(isnumber(find(""thrown"",lower($BA35))),"" ""&thrownText,""""),"" -""),""+0"","""")")," -") -> - | AQ35: =IFERROR(__xludf.DUMMYFUNCTION("iferror(array_constrain(split(textjoin(""~"",True,filter('Attack Info'!$B$7:$AN1180,'Attack Info'!$B$7:$B1180<>"""",lower('Attack Info'!$B$7:$B1180)=lower(R35))),""~""),1,12),"""")"),"") | BC35: {=if(and(strMod<>"-",dexMod<>"-"),if($AQ35<>"",if($AW35<>"-",$AW35,0) +if(isnumber(find(lower($AZ35),"strdexconintwischa")),if(indirect(lower($AZ35)&"Mod")<>"-",indirect(lower($AZ35)&"Mod"),0), if(or(isnumber(find("finesse",lower($BA35))),and($AV35<>"〇",MonkLevel<>"",MonkLevel>0)),max(strMod,dexMod),if(lower($AU35)="ranged",dexMod,strMod))),""),"-")}
C36: 12 | F36: =IFERROR(__xludf.DUMMYFUNCTION("""COMPUTED_VALUE"""),"") | H36: 1 | I36: =IFERROR(__xludf.DUMMYFUNCTION("if(and(proficiencyBonus,indirect(regexextract(lower(concatenate(K36:N36)),""[a-z]{3}"")&""Mod"")<>""-""), if(H36<>0,proficiencyBonus*if(H36=""e"",2,1),jackOfAllTrades) +indirect(regexextract(lower(concatenate(K36:N36)),""[a-z]{3}"")&""Mod"") +"&"$AR$58 +sum(arrayformula(int(iferror(trim(left(regexextract(lower(filter({BA$32:BA$56;Additional!$BA$3:$BA$24},regexmatch(lower({BA$32:BA$56;Additional!$BA$3:$BA$24}),""[0-9]+ bonus to ""&regexextract(lower(concatenate(K36:N36)),""[a-z]{3}"")&""[a-z]+"&"? .""&lower(J36)))),""[0-9]+ bonus to ""&regexextract(lower(concatenate(K36:N36)),""[a-z]{3}"")&""[a-z]+? .""&lower(J36)),2)),0)))),""-"")"),4.0) -> 4 | J36: Perception | M36: (Wis) | X36: =IMAGE("http://i.imgur.com/qlVxTyw.png",3) | Y36: =IFERROR(__xludf.DUMMYFUNCTION("if(and(proficiencyBonus,$AQ36<>"""",$BC36<>""-""), if(or( isnumber(find(""unarmed"",lower($AT36))), isnumber(find(""natural"",lower($AT36))), isnumber(find(""spell"",lower($AT36))), and(isnum"&"ber(find(""improvised"",lower($AQ36))),isnumber(find(""brawler"",feats))), isnumber(find(lower($AT36),lower(weaponProficiencies))), not(isna(filter(arrayformula(trim(split(lower(weaponProficiencies),"",""))),isnumber(find(array"&"formula(trim(split(lower(weaponProficiencies),"",""))),lower($AQ36)))))) ), proficiencyBonus, 0 ) +if(lower($AU36)=""ranged"",archery+closeQuarters,0) +if(isnumber(find(""spell"",lower($AT36))),v2.1"&"!$AR$91,0) +$BC36, ""-"" )"),"-") -> - | AB36: =IMAGE("http://i.imgur.com/qlVxTyw.png",3) | AC36: =IFERROR(__xludf.DUMMYFUNCTION("substitute(if(and($AQ36<>"""",proficiencyBonus<>""""), $AR36&if(and(""melee""=lower($AU36),lower($AT36)<>""unarmed"",isnumber(find(""two-handed"",lower($R36&$BA36)))),greatWeaponFighting,"""") &if($AR36<>0,""+"" &if($BB36<>""〇"",$BC36,if($AW36<>""-"",$AW"&"36,0)) +int(iferror(regexextract(regexextract(Additional!$AR$79,""proficiency with[a-z ]+""&lower(array_constrain(filter('Attack Info'!$B$7:$B1180,'Attack Info'!$B$7:$B1180<>"""",isnumber(find(lower('Attack Info'!$B$7:$B1180),lower($AQ36)))),1,1))&""[a-z,"&" ]+\+[0-9]+ bonus to damage[a-z ]+with such weapons""),""[0-9]+?""),0)) +int(iferror(regexextract(regexextract(Additional!$AR$79,""\+[0-9] bonus to damage[a-z ]+""&lower(array_constrain(filter('Attack Info'!$B$7:$B1180,'Attack Info'!$B$7:$B1180<>"""",isnu"&"mber(find(lower('Attack Info'!$B$7:$B1180),lower($AQ36)))),1,1))),""[0-9]+?""),0)) +if(and(isnumber(find(""melee"",lower($AU36))),iserror(find(""unarmed"",lower($AT36))),iserror(find(""natural"",lower($AT36))),iserror(find(""two-handed"",lower($R36&$BA36)"&"))),dueling,0) +if(isnumber(find(""thrown"",lower($BA36))),thrown,0) &""[""&$AS36&""]"","""") &if(and(PaladinLevel>=11,isnumber(find(""melee"",lower($AU36))),isnumber(find(lower($AT36),""simplemartial""))),""+1d8[radiant]"","""") &if($AX36<>""-"",""+""&$A"&"X36&""[""&$AY36&""]"","""") &if(and(isnumber(find(""pact"",lower($AQ36))),isnumber(find(""lifedrinker"",lower(invocations)))),""+""&chaMod&""[necrotic]"","""") &""|***""&textjoin("" "",True,if(and($AT36<>""-"",$AT36<>""Spell""),$AT36,""""),if($AU36<>""-"""&",$AU36,""""),if($AT36=""Spell"",$AT36,if(and($AT36<>""Unarmed"",$AT36<>""Natural""),""Weapon"","""")))&"" Attack.***"" &if($BA36<>""-"","" ""&$BA36,"""") &if(and(isnumber(find(""melee"",lower($AU36))),iserror(find(""unarmed"",lower($AT36))),iserror(find("&"""natural"",lower($AT36))),iserror(find(""two-handed"",lower($R36&$AV36)))),"" ""&duelingText,"""") &if(and(or(lower($AT36)=""unarmed"",lower($AT36)=""natural""),unarmedFighting),"" ""&unarmedText,"""") &if(and(""melee""=lower($AU36),lower($AT36)<>""unarm"&"ed"",isnumber(find(""two-handed"",lower($R36&$BA36)))),"" ""&gwfText,"""") &if(and(isnumber(find(""offhand"",lower($R36))),twoWeaponFighting),"" ""&twfText,"""") &if(and(lower($AU36)=""ranged"",lower($AT36)<>""spell""),if(archeryText<>"""","" ""&archeryTe"&"xt,"""")&if(closeQuartersText<>"""","" ""&closeQuartersText,""""),"""") &if(isnumber(find(""thrown"",lower($BA36))),"" ""&thrownText,""""),"" -""),""+0"","""")")," -") -> - | AQ36: =IFERROR(__xludf.DUMMYFUNCTION("iferror(array_constrain(split(textjoin(""~"",True,filter('Attack Info'!$B$7:$AN1180,'Attack Info'!$B$7:$B1180<>"""",lower('Attack Info'!$B$7:$B1180)=lower(R36))),""~""),1,12),"""")"),"") | BC36: {=if(and(strMod<>"-",dexMod<>"-"),if($AQ36<>"",if($AW36<>"-",$AW36,0) +if(isnumber(find(lower($AZ36),"strdexconintwischa")),if(indirect(lower($AZ36)&"Mod")<>"-",indirect(lower($AZ36)&"Mod"),0), if(or(isnumber(find("finesse",lower($BA36))),and($AV36<>"〇",MonkLevel<>"",MonkLevel>0)),max(strMod,dexMod),if(lower($AU36)="ranged",dexMod,strMod))),""),"-")}
C37: CHA | F37: =IFERROR(__xludf.DUMMYFUNCTION("""COMPUTED_VALUE"""),"") | H37: 0 | I37: =IFERROR(__xludf.DUMMYFUNCTION("if(and(proficiencyBonus,indirect(regexextract(lower(concatenate(K37:N37)),""[a-z]{3}"")&""Mod"")<>""-""), if(H37<>0,proficiencyBonus*if(H37=""e"",2,1),jackOfAllTrades) +indirect(regexextract(lower(concatenate(K37:N37)),""[a-z]{3}"")&""Mod"") +"&"$AR$58 +sum(arrayformula(int(iferror(trim(left(regexextract(lower(filter({BA$32:BA$56;Additional!$BA$3:$BA$24},regexmatch(lower({BA$32:BA$56;Additional!$BA$3:$BA$24}),""[0-9]+ bonus to ""&regexextract(lower(concatenate(K37:N37)),""[a-z]{3}"")&""[a-z]+"&"? .""&lower(J37)))),""[0-9]+ bonus to ""&regexextract(lower(concatenate(K37:N37)),""[a-z]{3}"")&""[a-z]+? .""&lower(J37)),2)),0)))),""-"")"),-1.0) -> -1 | J37: Performance | M37: (Cha)
C38: =if(C40="-","-",INT((C40-10)/2)) -> -1 | F38: =IFERROR(__xludf.DUMMYFUNCTION("""COMPUTED_VALUE"""),"") | H38: 0 | I38: =IFERROR(__xludf.DUMMYFUNCTION("if(and(proficiencyBonus,indirect(regexextract(lower(concatenate(K38:N38)),""[a-z]{3}"")&""Mod"")<>""-""), if(H38<>0,proficiencyBonus*if(H38=""e"",2,1),jackOfAllTrades) +indirect(regexextract(lower(concatenate(K38:N38)),""[a-z]{3}"")&""Mod"") +"&"$AR$58 +sum(arrayformula(int(iferror(trim(left(regexextract(lower(filter({BA$32:BA$56;Additional!$BA$3:$BA$24},regexmatch(lower({BA$32:BA$56;Additional!$BA$3:$BA$24}),""[0-9]+ bonus to ""&regexextract(lower(concatenate(K38:N38)),""[a-z]{3}"")&""[a-z]+"&"? .""&lower(J38)))),""[0-9]+ bonus to ""&regexextract(lower(concatenate(K38:N38)),""[a-z]{3}"")&""[a-z]+? .""&lower(J38)),2)),0)))),""-"")"),-1.0) -> -1 | J38: Persuasion | M38: (Cha)
F39: =IFERROR(__xludf.DUMMYFUNCTION("""COMPUTED_VALUE"""),"") | H39: 0 | I39: =IFERROR(__xludf.DUMMYFUNCTION("if(and(proficiencyBonus,indirect(regexextract(lower(concatenate(K39:N39)),""[a-z]{3}"")&""Mod"")<>""-""), if(H39<>0,proficiencyBonus*if(H39=""e"",2,1),jackOfAllTrades) +indirect(regexextract(lower(concatenate(K39:N39)),""[a-z]{3}"")&""Mod"") +"&"$AR$58 +sum(arrayformula(int(iferror(trim(left(regexextract(lower(filter({BA$32:BA$56;Additional!$BA$3:$BA$24},regexmatch(lower({BA$32:BA$56;Additional!$BA$3:$BA$24}),""[0-9]+ bonus to ""&regexextract(lower(concatenate(K39:N39)),""[a-z]{3}"")&""[a-z]+"&"? .""&lower(J39)))),""[0-9]+ bonus to ""&regexextract(lower(concatenate(K39:N39)),""[a-z]{3}"")&""[a-z]+? .""&lower(J39)),2)),0)))),""-"")"),5.0) -> 5 | J39: Religion | L39: (Int)
C40: =IFERROR(__xludf.DUMMYFUNCTION("if(C41,min(30,max( iferror(int(trim(right(regexextract(Additional!$AR$79,lower(C37)&""[a-z]+? score is [0-9]+""),2))),0), iferror(int(trim(right(regexextract(Additional!$AR$79,lower(C37)&""[a-z]+? score changes to [0-9]+""),2))),0), min(iferror(int(trim(r"&"ight(regexextract(Additional!$AR$79,lower(C37)&""[a-z]+? [a-z ]+maximum of [0-9]+?""),2))),20), C41+ iferror(if(find(regexextract($AR$5,lower(C37)&"" \+[0-9]""),$AR$5)<iferror(find(""choose"",lower($AR$5)),len($AR$5)),int(right(regexextract($AR$5,lower(C3"&"7)&"" \+[0-9]""),1)),0),0)- iferror(if(find(regexextract($AR$5,lower(C37)&"" \-[0-9]""),$AR$5)<iferror(find(""choose"",lower($AR$5)),len($AR$5)),int(right(regexextract($AR$5,lower(C37)&"" \-[0-9]""),1)),0),0) +D41)) +sum(arrayformula(int(iferror(trim(righ"&"t(regexextract(lower(filter({BA$32:BA$56;Additional!$BA$3:$BA$24},regexmatch(lower({BA$32:BA$56;Additional!$BA$3:$BA$24}),lower(C37)&""[a-z]+? score increases by [0-9]+""))),lower(C37)&""[a-z]+? score increases by [0-9]+""),2)),0))))),""-"")"),8.0) -> 8 | F40: =IFERROR(__xludf.DUMMYFUNCTION("""COMPUTED_VALUE"""),"") | H40: 1 | I40: =IFERROR(__xludf.DUMMYFUNCTION("if(and(proficiencyBonus,indirect(regexextract(lower(concatenate(K40:N40)),""[a-z]{3}"")&""Mod"")<>""-""), if(H40<>0,proficiencyBonus*if(H40=""e"",2,1),max(jackOfAllTrades,iferror(if(and(vlookup(""Fighter"",$AR$6:$AS$15,2,false)=""Champion"",FighterLev"&"el>=7),ceiling(proficiencyBonus/2),0),0))) +indirect(regexextract(lower(concatenate(K40:N40)),""[a-z]{3}"")&""Mod"") +$AR$58 +sum(arrayformula(int(iferror(trim(left(regexextract(lower(filter({BA$32:BA$56;Additional!$BA$3:$BA$24},regexmatch(low"&"er({BA$32:BA$56;Additional!$BA$3:$BA$24}),""[0-9]+ bonus to ""&regexextract(lower(concatenate(K40:N40)),""[a-z]{3}"")&""[a-z]+? .""&lower(J40)))),""[0-9]+ bonus to ""&regexextract(lower(concatenate(K40:N40)),""[a-z]{3}"")&""[a-z]+? .""&lower(J40)),2)),0))"&")),""-"")"),5.0) -> 5 | J40: Sleight of Hand | N40: (Dex)
C41: 8 | F41: =IFERROR(__xludf.DUMMYFUNCTION("""COMPUTED_VALUE"""),"") | H41: 0 | I41: =IFERROR(__xludf.DUMMYFUNCTION("if(and(proficiencyBonus,indirect(regexextract(lower(concatenate(K41:N41)),""[a-z]{3}"")&""Mod"")<>""-""), if(H41<>0,proficiencyBonus*if(H41=""e"",2,1),max(jackOfAllTrades,iferror(if(and(vlookup(""Fighter"",$AR$6:$AS$15,2,false)=""Champion"",FighterLev"&"el>=7),CEILING(proficiencyBonus/2),0),0))) +indirect(regexextract(lower(concatenate(K41:N41)),""[a-z]{3}"")&""Mod"") +$AR$58 +sum(arrayformula(int(iferror(trim(left(regexextract(lower(filter({BA$32:BA$56;Additional!$BA$3:$BA$24},regexmatch(low"&"er({BA$32:BA$56;Additional!$BA$3:$BA$24}),""[0-9]+ bonus to ""&regexextract(lower(concatenate(K41:N41)),""[a-z]{3}"")&""[a-z]+? .""&lower(J41)))),""[0-9]+ bonus to ""&regexextract(lower(concatenate(K41:N41)),""[a-z]{3}"")&""[a-z]+? .""&lower(J41)),2)),0))"&")),""-"")"),2.0) -> 2 | J41: Stealth | L41: (Dex)
B42: =IMAGE("https://i.imgur.com/2e2hhyX.png",2) | F42: =IFERROR(__xludf.DUMMYFUNCTION("""COMPUTED_VALUE"""),"") | H42: 0 | I42: =IFERROR(__xludf.DUMMYFUNCTION("if(and(proficiencyBonus,indirect(regexextract(lower(concatenate(K42:N42)),""[a-z]{3}"")&""Mod"")<>""-""), if(H42<>0,proficiencyBonus*if(H42=""e"",2,1),jackOfAllTrades) +indirect(regexextract(lower(concatenate(K42:N42)),""[a-z]{3}"")&""Mod"") +"&"$AR$58 +sum(arrayformula(int(iferror(trim(left(regexextract(lower(filter({BA$32:BA$56;Additional!$BA$3:$BA$24},regexmatch(lower({BA$32:BA$56;Additional!$BA$3:$BA$24}),""[0-9]+ bonus to ""&regexextract(lower(concatenate(K42:N42)),""[a-z]{3}"")&""[a-z]+"&"? .""&lower(J42)))),""[0-9]+ bonus to ""&regexextract(lower(concatenate(K42:N42)),""[a-z]{3}"")&""[a-z]+? .""&lower(J42)),2)),0)))),""-"")"),1.0) -> 1 | J42: Survival | L42: (Wis)
H43: =if(and($AW$16<>"",countif($H$25:$H$42,"<>0")<if($AJ$11<>"",2,0)+$AS$16), if(countif($H$25:$H$42,"<>0")<2,"READ THIS NOTE HERE!",$AQ$17&" SKILL"&if($AQ$17>1,"S","")&" LEFT TO SELECT"), "SKILLS") -> SKILLS | R43: =IFERROR(__xludf.DUMMYFUNCTION("if(counta(iferror(filter(R32:R36,AQ32:AQ36=""""))),""To add custom attacks, go to the 'Attack Info' tab and enter the details for it there."",""ATTACKS & NOTES"")"),"ATTACKS & NOTES") -> ATTACKS & NOTES | AQ43: =if(AQ44,"**Fighting Style: Archery** You gain a +2 bonus to attack rolls you make with ranged weapons.","") | AS43: =if(AS44,"**Fighting Style: Dueling** When you are wielding a melee weapon in one hand and no other weapons, you gain a +2 bonus to damage rolls with that weapon.","") | AT43: =if(AT44<>"","**Fighting Style: Great Weapon Fighting** When you roll a 1 or 2 on a damage die for an attack you make with a melee weapon that you are wielding with two hands, you can reroll the die and must use the new roll, even if the new roll is a 1 or a 2. The wea"&"pon must have the two-handed or versatile property for you to gain this benefit.","") | AU43: =if(AU44,"**Fighting Style: Two-Weapon Fighting** When you engage in two-weapon fighting, you can add your ability modifier to the damage of the second attack.","") | AW43: =if(AW44,"**Fighting Style: Close Quarters Shooter** When making a ranged attack while you are within 5 feet of a hostile creature, you do not have disadvantage on the attack roll. Your ranged attacks ignore half cover and three-quarters cover against targets withi"&"n 30 feet of you. You have a +1 bonus to attack rolls on ranged attacks.","") | AX43: =if(AX44,"**Fighting Style: Thrown Weapon Fighting** You can draw a weapon that has the thrown property as part of the attack you make with the weapon. In addition, when you hit with a ranged attack using a thrown weapon, you gain a +1 bonus to the damage roll.","") | AY43: =if(AY44,"**Fighting Style: Unarmed Fighting** Your unarmed strikes can deal bludgeoning damage equal to 1d6 + your Strength modifier. If you strike with two free hands, the d6 becomes a d8. When you successfully start a grapple, you can deal 1d4 bludgeoning damage"&" to the grappled creature. Until the grapple ends, you can also deal this damage to the creature whenever you hit it with a melee attack.","")
B44: =IMAGE("https://i.imgur.com/wJZp2Dm.png",4, 83, 20) | E44: =IMAGE("http://i.imgur.com/9FMGmuZ.png",4, 83, 20) | K44: =if(countif(H25:H42,"0")=18,"Clear bubbles with '0' (zero).","") | AA44: =image("https://i.imgur.com/B5rZApv.png",4, 314, 41) | AQ44: =if(isnumber(find("archery",fightingStyles)),2,"") | AR44: =if(and(isnumber(find("defense",fightingStyles)),AQ24<>"No Armor"),1,"") | AS44: =if(and(isnumber(find("dueling",fightingStyles)),iserror(find("offhand",lower(textjoin("",True,$R$32:$R36,Additional!$B$3:$B$13,Additional!$W$3:$W$13))))),2,"") | AT44: =if(isnumber(find("great weapon",fightingStyles)),"ro<3","") | AU44: =if(and(isnumber(find("offhand",lower(textjoin("",True,R32:W36,Additional!B3:G13,Additional!W3:AB13)))),isnumber(find("two-weapon",fightingStyles))),1,"") | AV44: =if(and(isnumber(find("mariner",lower(fightingStyles))),AQ25="",not(isnumber(find("heavy",lower(AT24))))),1,"") | AW44: =if(isnumber(find("close quarters",fightingStyles)),1,"") | AX44: =if(isnumber(find("thrown weapon",fightingStyles)),1,"") | AY44: =if(isnumber(find("unarmed fighting",fightingStyles)),1,"") | AZ44: =if(and(isnumber(find("offhand",lower(textjoin("",True,R32:W36,Additional!B3:G13,Additional!W3:AB13)))),isnumber(find("dual wielder",feats))),1,"")
C45: =if(C35="-","-",I36+10+if(isnumber(find("observant",feats)),5,0)+if(and(F36<>"",isnumber(find(lower(F36),"advantage"))),5,if(and(F36<>"",isnumber(find(lower(F36),"disadvantage"))),-5,0))) -> 14 | F45: PASSIVE WISDOM (PERCEPTION) | R45: =IFERROR(__xludf.DUMMYFUNCTION("if(race="""",""-"",transpose(arrayformula(trim(split(proper(textjoin("", "",true,regexreplace(lower(AW5),"", [a-z0-9]+ extr[a-z ]+"",""""),arrayformula(iferror(regexextract(proper(AW16),AV69:AV180),"""")),arrayformula(iferror(regexextract(proper(AW16),AW6"&"9:AW180),"""")))),"","")))))"),"Common") -> Common | AQ45: =IFERROR(__xludf.DUMMYFUNCTION("iferror(array_constrain(split(textjoin(""~"",True,filter('Gear Info'!$B$7:$AN180,'Gear Info'!$B$7:$B180<>"""",lower('Gear Info'!$B$7:$B180=lower(AC45)))),""~""),1,11),"""")"),"")
R46: =IFERROR(__xludf.DUMMYFUNCTION("""COMPUTED_VALUE"""),"Elvish") -> Elvish | AQ46: =IFERROR(__xludf.DUMMYFUNCTION("iferror(array_constrain(split(textjoin(""~"",True,filter('Gear Info'!$B$7:$AN180,'Gear Info'!$B$7:$B180<>"""",lower('Gear Info'!$B$7:$B180=lower(AC46)))),""~""),1,11),"""")"),"")
R47: Dwarvish | AQ47: =IFERROR(__xludf.DUMMYFUNCTION("iferror(array_constrain(split(textjoin(""~"",True,filter('Gear Info'!$B$7:$AN180,'Gear Info'!$B$7:$B180<>"""",lower('Gear Info'!$B$7:$B180=lower(AC47)))),""~""),1,11),"""")"),"")
B48: =IMAGE("https://i.imgur.com/nf5Ui23.png",4, 818, 20) | C48: =IMAGE("https://i.imgur.com/IxRRFOd.png",4, 20, 251) | O48: =IMAGE("https://i.imgur.com/RzcHHl9.png",2) | R48: Draconic | AQ48: =IFERROR(__xludf.DUMMYFUNCTION("iferror(array_constrain(split(textjoin(""~"",True,filter('Gear Info'!$B$7:$AN180,'Gear Info'!$B$7:$B180<>"""",lower('Gear Info'!$B$7:$B180=lower(AC48)))),""~""),1,11),"""")"),"")
C49: Armor Proficiencies: | I49: =if(armorProficiencies<>"", if(isnumber(find("Heavy",armorProficiencies)),"All Armor"&if(isnumber(find("Shields",armorProficiencies)),", Shields",""),substitute(armorProficiencies," Armor","")), "Autofills based on Class & Race") &if(isnumber(find("NoMetal",AW16))," (druids will not wear armor or use shields made of metal)","") -> None | R49: Giant | AQ49: =IFERROR(__xludf.DUMMYFUNCTION("iferror(array_constrain(split(textjoin(""~"",True,filter('Gear Info'!$B$7:$AN180,'Gear Info'!$B$7:$B180<>"""",lower('Gear Info'!$B$7:$B180=lower(AC49)))),""~""),1,11),"""")"),"")
C50: Weapon Proficiencies: | I50: =IFERROR(__xludf.DUMMYFUNCTION("if(AQ64<>"""",if(isnumber(find(""Martial"",AQ64)),""Simple and Martial Weapons"", if(isnumber(find(""Simple"",AQ64)),""Simple Weapons""&if(AQ64<>""Simple Weapons"","", "",""""),"""")&textjoin("", "",True,iferror(filter(arrayformula(trim(split(AQ64,"","")"&")),vlookup(arrayformula(trim(split(AQ64,"",""))),'Attack Info'!B7:M180,12,false)<>if(isnumber(find(""Simple"",AQ64)),""Simple"",""""))))),""Autofills based on Class & Race"")"),"Dagger, Dart, Sling, Quarterstaff, Light Crossbow, Longsword, Shortsword, Shortbow, Longbow") -> Dagger, Dart, Sling, Quarterstaff, Light Crossbow, Longsword, Shortsword, Shortbow, Longbow | AQ50: =IFERROR(__xludf.DUMMYFUNCTION("iferror(array_constrain(split(textjoin(""~"",True,filter('Gear Info'!$B$7:$AN180,'Gear Info'!$B$7:$B180<>"""",lower('Gear Info'!$B$7:$B180=lower(AC50)))),""~""),1,11),"""")"),"")
C51: =IFERROR(__xludf.DUMMYFUNCTION("if(iferror(sum(filter(int(left(regexextract(lower({AZ5;AW6:AW15}),""[0-9] vehicle""),1)),regexmatch(lower({AZ5;AW6:AW15}),""[0-9] vehicle""))))+iferror(vlookup(lower(AJ11),AX69:BB180,5,false))=0,"""",iferror(sum(filter(int(left(regexextract(lower({AZ5;AW6"&":AW15}),""[0-9] vehicle""),1)),regexmatch(lower({AZ5;AW6:AW15}),""[0-9] vehicle""))))+iferror(vlookup(lower(AJ11),AX69:BB180,5,false)))&"" Vehicle Proficienc""&if(iferror(sum(filter(int(left(regexextract(lower({AZ5;AW6:AW15}),""[0-9] vehicle""),1)),regexm"&"atch(lower({AZ5;AW6:AW15}),""[0-9] vehicle""))))+iferror(vlookup(lower(AJ11),AX69:BB180,5,false))<>1,""ies"",""y"")&"":""")," Vehicle Proficiencies:") -> Vehicle Proficiencies: | AQ51: =IFERROR(__xludf.DUMMYFUNCTION("iferror(array_constrain(split(textjoin(""~"",True,filter('Gear Info'!$B$7:$AN180,'Gear Info'!$B$7:$B180<>"""",lower('Gear Info'!$B$7:$B180=lower(AC51)))),""~""),1,11),"""")"),"")
C52: =IFERROR(__xludf.DUMMYFUNCTION("if(iferror(sum(filter(int(left(regexextract(lower({AZ5;AW6:AW15}),""[0-9] tool""),1)),regexmatch(lower({AZ5;AW6:AW15}),""[0-9] tool"")))) +iferror(sum(filter(int(left(regexextract(lower({AV6:AV15}),""[0-9] tool""),1)),regexmatch(lower({AV6:AV15}),""[0-9] "&"tool"")))) +iferror(vlookup(lower(AJ11),AX69:BA180,4,false))=0, """", iferror(sum(filter(int(left(regexextract(lower({AZ5;AW6:AW15}),""[0-9] tool""),1)),regexmatch(lower({AZ5;AW6:AW15}),""[0-9] tool"")))) +iferror(sum(filter(int(left(regexextract(lower({A"&"V6:AV15}),""[0-9] tool""),1)),regexmatch(lower({AV6:AV15}),""[0-9] tool"")))) +iferror(vlookup(lower(AJ11),AX69:BA180,4,false))) &"" Tool Proficienc""&if(iferror(sum(filter(int(left(regexextract(lower({AZ5;AW6:AW15}),""[0-9] tool""),1)),regexmatch(lower({"&"AZ5;AW6:AW15}),""[0-9] tool""))))+iferror(vlookup(lower(AJ11),AX69:BA180,4,false))<>1,""ies"",""y"")&"":""")," Tool Proficiencies:") -> Tool Proficiencies: | AQ52: =IFERROR(__xludf.DUMMYFUNCTION("iferror(array_constrain(split(textjoin(""~"",True,filter('Gear Info'!$B$7:$AN180,'Gear Info'!$B$7:$B180<>"""",lower('Gear Info'!$B$7:$B180=lower(AC52)))),""~""),1,11),"""")"),"")
C53: Other Proficiencies: | AQ53: =IFERROR(__xludf.DUMMYFUNCTION("iferror(array_constrain(split(textjoin(""~"",True,filter('Gear Info'!$B$7:$AN180,'Gear Info'!$B$7:$B180<>"""",lower('Gear Info'!$B$7:$B180=lower(AC53)))),""~""),1,11),"""")"),"")
C54: Other Speeds: | I54: =IFERROR(__xludf.DUMMYFUNCTION("iferror(textjoin("", "",True,arrayformula(int(regexextract(filter(arrayformula(trim(split(racialSpeed,"",""))),regexmatch(arrayformula(trim(split(racialSpeed,"",""))),""[A-Za-z]"")),""[0-9]+""))+speedBonus&"" ft. ""&proper(regexextract(filter(arrayformula"&"(trim(split(racialSpeed,"",""))),regexmatch(arrayformula(trim(split(racialSpeed,"",""))),""[A-Za-z]"")),""[A-Za-z]+"")))),""-"")"),"-") -> - | AQ54: =IFERROR(__xludf.DUMMYFUNCTION("iferror(array_constrain(split(textjoin(""~"",True,filter('Gear Info'!$B$7:$AN180,'Gear Info'!$B$7:$B180<>"""",lower('Gear Info'!$B$7:$B180=lower(AC54)))),""~""),1,11),"""")"),"")
AQ55: =IFERROR(__xludf.DUMMYFUNCTION("iferror(array_constrain(split(textjoin(""~"",True,filter('Gear Info'!$B$7:$AN180,'Gear Info'!$B$7:$B180<>"""",lower('Gear Info'!$B$7:$B180=lower(AC55)))),""~""),1,11),"""")"),"")
C56: PROFICIENCIES | AQ56: =IFERROR(__xludf.DUMMYFUNCTION("iferror(array_constrain(split(textjoin(""~"",True,filter('Gear Info'!$B$7:$AN180,'Gear Info'!$B$7:$B180<>"""",lower('Gear Info'!$B$7:$B180=lower(AC56)))),""~""),1,11),"""")"),"")
C57: =IMAGE("https://i.imgur.com/Prga8uY.png",4, 20, 251) | R57: =if(AQ58<>"",if(AQ58>counta(R45:Z56), "SELECT "&AQ58-counta(R45:Z56)&" MORE ",if(AQ58<counta(R45:Z56),"TOO MANY ","")),"")&"LANGUAGE"&if(AQ58-counta(R45:Z56)<>1,"S","")&if(AQ58<>"",if(AQ58<counta(R45:Z56)," SELECTED!",""),"") -> LANGUAGES | AC57: =if(and(AQ65<>"",AQ66<>True),"You aren't proficient with your armor/shield!","EQUIPPED ITEMS") -> EQUIPPED ITEMS
AQ58: =IFERROR(__xludf.DUMMYFUNCTION("if(and(level<>"""",race<>""""), counta(arrayformula(trim(split(proper(textjoin("", "",true,regexreplace(lower(AW5),"", [a-z0-9]+ extr[a-z ]+"",""""),arrayformula(iferror(regexextract(proper(AW16),AV69:AV180),"""")),arrayformula(iferror(regexextract(prope"&"r(AW16),AW69:AW180),"""")))),"","")))) +iferror(vlookup(lower(AJ11),AX69:AZ180,3,false),0) +sum(iferror(filter(int(trim(left(regexextract(lower({AW5:AW15}),""[0-9]+ extra""),2))),regexmatch(lower({AW5:AW15}),""[0-9]+ extra"")),0)) +if(isnumber(find(""ling"&"uist"",feats)),3,0),"""")"),5.0) -> 5 | AR58: =IFERROR(__xludf.DUMMYFUNCTION("if(and(level<>"""",race<>""""),iferror(sum(split(textjoin(""-"",True,$AY$26,$AY$45:$AY$56),""-"")),0),"""")"),0.0) -> 0 | AS58: =IFERROR(__xludf.DUMMYFUNCTION("if(and(level<>"""",race<>""""),iferror(sum(split(textjoin(""-"",True,$AZ$26,$AZ$45:$AZ$56),""-"")),0),"""")"),0.0) -> 0
C59: Recuperação arcana | O59: =image("https://i.imgur.com/EAKVSyc.png",4, 566, 20) | P59: Coroa de ossos | AB59: =image("https://i.imgur.com/EAKVSyc.png",4, 566, 20) | AC59: Telekinetic (BA) | AQ59: =if(BardLevel>=2,floor(0.5*proficiencyBonus,1),"")
C60: Ritual casting | P60: perna de pau | AC60: ASI int | AQ60: =IFERROR(__xludf.DUMMYFUNCTION("lower(textjoin("" "",true,iferror(filter($C$59:$C$84,isnumber(find(""feat:"",lower($C$59:$C$84)))),""""),iferror(filter($P$59:$P$84,isnumber(find(""feat:"",lower($P$59:$P$84)))),""""),iferror(filter($AC$59:$AC$84,isnumber(find(""feat:"",lower($AC$59:$AC$8"&"4)))),"""")))"),"")
C61: Chronal shift (0) | P61: Oculos de identificar | AQ61: =IFERROR(__xludf.DUMMYFUNCTION("lower(textjoin("" "",true,iferror(filter($C$59:$C$84,isnumber(find(""invocation:"",lower($C$59:$C$84)))),""""),iferror(filter($P$59:$P$84,isnumber(find(""invocation:"",lower($P$59:$P$84)))),""""),iferror(filter($AC$59:$AC$84,isnumber(find(""invocation:"","&"lower($AC$59:$AC$84)))),"""")))"),"") | AV61: ◅ Language List | AW61: ◅ Non-race Languages | AX61: ◅ Backgrounds | AY61: ◅ Associated Skills | AZ61: ◅ # of Languages | BA61: ◅ Tool Proficiencies | BB61: ◅ Vehicle Proficiencies | BC61: ◅ Sorted for Menus
C62: momentary stasis (5) | P62: Braço novo!! | AQ62: =IFERROR(__xludf.DUMMYFUNCTION("lower(textjoin("" "",true,iferror(filter($C$59:$C$84,isnumber(find(""fighting style:"",lower($C$59:$C$84)))),""""),iferror(filter($P$59:$P$84,isnumber(find(""fighting style:"",lower($P$59:$P$84)))),""""),iferror(filter($AC$59:$AC$84,isnumber(find(""fighti"&"ng style:"",lower($AC$59:$AC$84)))),"""")))"),"")
AQ63: =IFERROR(__xludf.DUMMYFUNCTION("lower(textjoin("" "",true, iferror(filter($C$59:$C$84,regexmatch(lower($C$59:$C$84),""\([a-z ]+\)"")),""""), iferror(filter($P$59:$P$84,regexmatch(lower($P$59:$P$84),""\([a-z ]+\)"")),""""), iferror(filter($AC$59:$AC$84,regexmatch(lower($AC$59:$AC$84),""\"&"([a-z ]+\)"")),"""")))"),"telekinetic (ba)") -> telekinetic (ba)
AQ64: =IFERROR(__xludf.DUMMYFUNCTION("iferror(textjoin("", "",True,I53,filter(unique(transpose(arrayformula(trim(split(AW16,"",""))))), iserror(find(""armor"",unique(transpose(arrayformula(trim(lower(split(AW16,"","")))))))), iserror(find(""shield"",unique(transpose(arrayformula(trim(lower(sp"&"lit(AW16,"","")))))))), iserror(find(""skill"",unique(transpose(arrayformula(trim(lower(split(AW16,"","")))))))), iserror(find(""tool"",unique(transpose(arrayformula(trim(lower(split(AW16,"","")))))))), iserror(find(""extra"",unique(transpose(arrayformula"&"(trim(lower(split(AW16,"","")))))))), iserror(find(""nometal"",unique(transpose(arrayformula(trim(lower(split(AW16,"","")))))))), iserror(find(""vehicle"",unique(transpose(arrayformula(trim(lower(split(AW16,"","")))))))), iserror(find(""damage"",unique(tr"&"anspose(arrayformula(trim(lower(split(AW16,"","")))))))), iserror(find(unique(transpose(arrayformula(trim(lower(split(AW16,"","")))))),lower(textjoin("" "",true,AV69:AW180)))), unique(transpose(arrayformula(trim(lower(split(AW16,"",""))))))<>""-"", iserro"&"r(find(unique(transpose(arrayformula(trim(split(AW16,"",""))))),textjoin(""~"",True,J17:J42))), not(regexmatch(unique(transpose(arrayformula(trim(split(lower(AW16),"",""))))),""choose [0-9]""))), iferror(filter('Attack Info'!B7:B180,regexmatch(Additional!"&"AR79,""proficiency with[a-z ]+""&lower('Attack Info'!B7:B180))),"""")),"""")"),"Dagger, Dart, Sling, Quarterstaff, Light Crossbow, Longsword, Shortsword, Shortbow, Longbow") -> Dagger, Dart, Sling, Quarterstaff, Light Crossbow, Longsword, Shortsword, Shortbow, Longbow
AQ65: =IFERROR(__xludf.DUMMYFUNCTION("if(AQ6<>"""",iferror(textjoin("", "",True,iferror(filter(unique(transpose(arrayformula(trim(split(AW16,"",""))))), isnumber(find(""armor"",unique(transpose(arrayformula(trim(lower(split(AW16,"",""))))))))+ isnumber(find(""shield"",unique(transpose(arrayfo"&"rmula(trim(lower(split(AW16,"","")))))))), iserror(find(unique(transpose(arrayformula(trim(split(AW16,"",""))))),textjoin(""~"",True,J17:J42))), not(regexmatch(unique(transpose(arrayformula(trim(split(lower(AW16),"",""))))),""choose [0-9]""))),""None""), "&"if(isnumber(find(""heavily armored"",feats)),""Heavy Armor"",""""), if(isnumber(find(""moderately armored"",feats)),""Medium Armor, Shields"",""""), if(isnumber(find(""lightly armored"",feats)),""Light Armor"",""""), if(isnumber(find(""heavy armor"",lower"&"(I53))),"" Heavy Armor"",""""), if(isnumber(find(""medium"",lower(I53))),"" Medium Armor"",""""), if(isnumber(find(""shield"",lower(I53))),"" Shields"","""")),""None""),"""")"),"None") -> None
AQ66: =if(and(isnumber(find(lower(AT24),lower(armorProficiencies))),isnumber(find(lower(AT25),lower(armorProficiencies)))),True,"") -> TRUE
AV69: =IFERROR(__xludf.DUMMYFUNCTION("filter(unique(transpose(arrayformula(trim(split(textjoin("", "",true,proper('Race Info'!X7:X180)),"",""))))),not(regexmatch(lower(unique(transpose(arrayformula(trim(split(textjoin("", "",true,'Race Info'!X7:X180),"","")))))),""[0-9] extra"")))"),"Common") -> Common | AW69: Thieves' Cant | AX69: Acolyte | AY69: Insight, Religion | AZ69: 2 | BA69: 0 | BB69: 0 | BC69: {=sort({AV70:AV180;AW69:AW180})} -> Deep Speech
AV70: =IFERROR(__xludf.DUMMYFUNCTION("""COMPUTED_VALUE"""),"Dwarvish") -> Dwarvish | AW70: Druidic | AX70: Charlatan | AY70: Deception, Sleight of Hand | AZ70: 0 | BA70: 2 | BB70: 0 | BC70: Draconic
AV71: =IFERROR(__xludf.DUMMYFUNCTION("""COMPUTED_VALUE"""),"Elvish") -> Elvish | AW71: Deep Speech | AX71: Criminal | AY71: Deception, Stealth | AZ71: 0 | BA71: 2 | BB71: 0 | BC71: Druidic
AV72: =IFERROR(__xludf.DUMMYFUNCTION("""COMPUTED_VALUE"""),"Halfling") -> Halfling | AW72: Giant | AX72: Entertainer | AY72: Acrobatics, Performance | AZ72: 0 | BA72: 2 | BB72: 0 | BC72: Dwarvish
AV73: =IFERROR(__xludf.DUMMYFUNCTION("""COMPUTED_VALUE"""),"Draconic") -> Draconic | AX73: Folk Hero | AY73: Animal Handling, Survival | AZ73: 0 | BA73: 1 | BB73: 1 | BC73: Elvish
AV74: =IFERROR(__xludf.DUMMYFUNCTION("""COMPUTED_VALUE"""),"Gnomish") -> Gnomish | AX74: Guild Artisan | AY74: Insight, Persuasion | AZ74: 1 | BA74: 1 | BB74: 0 | BC74: Giant
AV75: =IFERROR(__xludf.DUMMYFUNCTION("""COMPUTED_VALUE"""),"Orc") -> Orc | AX75: Hermit | AY75: Medicine, Religion | AZ75: 1 | BA75: 1 | BB75: 0 | BC75: Gnomish
AV76: =IFERROR(__xludf.DUMMYFUNCTION("""COMPUTED_VALUE"""),"Infernal") -> Infernal | AX76: Noble | AY76: History, Persuasion | AZ76: 1 | BA76: 1 | BB76: 0 | BC76: Halfling
AX77: Outlander | AY77: Athletics, Survival | AZ77: 1 | BA77: 1 | BB77: 0 | BC77: Infernal
AX78: Sage | AY78: Arcana, History | AZ78: 2 | BA78: 0 | BB78: 0 | BC78: Orc
AX79: Sailor | AY79: Athletics, Perception | AZ79: 0 | BA79: 1 | BB79: 1 | BC79: Thieves' Cant
AX80: Soldier | AY80: Athletics, Intimidation | AZ80: 0 | BA80: 1 | BB80: 1
AX81: Urchin | AY81: Sleight of Hand, Stealth | AZ81: 0 | BA81: 2 | BB81: 0
P85: FEATURES & TRAITS
C86: Right click and 'Insert note' to add details on any box.
A87: =if(and(C91<>"",countif(AQ155:AQ180,C91)),image(vlookup(C91,AQ155:AS180,2,false),2),image("http://i.imgur.com/Pnzh0Lq.png",2)) | AD87: =if(and(C91="",U91="",AB91="",AI91=""),"This section doesn't handle multiclassing perfectly. If you have multiple spellcasting classes,",if(and(C91<>"",U91=""),"You need to enter a single valid spellcasting class!",""))
S88: =IMAGE("http://i.imgur.com/2jwsXWa.png",2) | AD88: =if(and(C91="",U91="",AB91="",AI91=""),"it can only track one of them. Ignore this section if you have no spells.",if(and(C91<>"",U91=""),"And it must be a class you possess levels in or have the Magic Initiate feat in features.",""))
S89: =IMAGE("http://i.imgur.com/1aZcJXU.png",2) | AO89: =IMAGE("http://i.imgur.com/nWCUyCa.png",2)
T90: =IMAGE("http://i.imgur.com/bMB1ljY.png",2) | U90: SPELLCASTING | Y90: =IMAGE("http://i.imgur.com/vGypnz4.png",2) | AA90: =IMAGE("http://i.imgur.com/bMB1ljY.png",2) | AB90: SPELL | AF90: =IMAGE("http://i.imgur.com/vGypnz4.png",2) | AH90: =IMAGE("http://i.imgur.com/bMB1ljY.png",2) | AI90: SPELL | AM90: =IMAGE("http://i.imgur.com/vGypnz4.png",2)
C91: Wizard | U91: =if(and(castingClass<>"",classAndLevel<>"",AQ91<>""),iferror(vlookup(castingClass,v2.1!AR6:AY15,8,false),vlookup(castingClass,'Class Info'!B7:AJ1180,35,false)),"-") -> Intelligence | AB91: =IFERROR(__xludf.DUMMYFUNCTION("if(castingAbility<>""-"",if(indirect(lower(left(castingAbility,3))&""Mod"")<>""-"", 8+proficiencyBonus+indirect(lower(left(castingAbility,3))&""Mod"") +sum(arrayformula(int(iferror(trim(left(regexextract(lower(filter({BA$32:BA$56;Additional!$BA$3:$BA$24}"&",regexmatch(lower({BA$32:BA$56;Additional!$BA$3:$BA$24}),""[0-9]+ bonus [a-z ]{2,} saving throw dc""))),""[0-9]+ bonus ""),2)),0)))) +sum(arrayformula(int(iferror(trim(right(regexextract(lower(filter({BA$32:BA$56;Additional!$BA$3:$BA$24},regexmatch(lower("&"{BA$32:BA$56;Additional!$BA$3:$BA$24}),""spell save dc[a-z ]+increase[a-z ]+[0-9]+""))),""increase[a-z ]+[0-9]+""),2)),0)))),""-""),""-"")"),16.0) -> 16 | AI91: {=if(castingAbility<>"-",if(indirect(lower(left(castingAbility,3))&"Mod")<>"-", proficiencyBonus+indirect(lower(left(castingAbility,3))&"Mod") +$AR$91,"-"),"-")} -> 8 | AQ91: =IFERROR(__xludf.DUMMYFUNCTION("iferror(transpose(split(textjoin(""~"",True,iferror(filter(AR6:AR15,AX6:AX15<>""""),""""),if(isnumber(find(""magic initiate"",feats)),unique(iferror(filter('Class Info'!B7:B180,'Class Info'!B7:B180<>"""",isnumber(find(lower('Class Info'!B7:B180),regexextr"&"act(feats,""initiate..[a-z]+."")))),"""")),"""")),""~"")),"""")"),"Wizard") -> Wizard | AR91: =IFERROR(__xludf.DUMMYFUNCTION("sum(arrayformula(int(iferror(trim(left(regexextract(lower(filter({BA$32:BA$56;Additional!$BA$3:$BA$24},regexmatch(lower({BA$32:BA$56;Additional!$BA$3:$BA$24}),""[0-9]+ bonus to spell attack rolls""))),""[0-9]+ bonus to spell attack""),2)),0)))) +sum(array"&"formula(int(iferror(trim(right(regexextract(lower(filter({BA$32:BA$56;Additional!$BA$3:$BA$24},regexmatch(lower({BA$32:BA$56;Additional!$BA$3:$BA$24}),""spell attack bonus[a-z ]+increase[a-z ]+[0-9]+""))),""increase[a-z ]+[0-9]+""),2)),0))))"),0.0) -> 0
A93: =IMAGE("http://i.imgur.com/EmUh8kY.png",2) | U93: ABILITY | AB93: SAVE DC | AI93: ATTACK BONUS
S94: =IMAGE("http://i.imgur.com/M5KNO4X.png",2)
B95: =IMAGE("http://i.imgur.com/36yH7AT.png") | C95: =IMAGE("http://i.imgur.com/P8G3wDB.png",2) | AO95: =IMAGE("http://i.imgur.com/koyMZqk.png")
C96: =IMAGE("http://i.imgur.com/VtJcr4w.png",2) | K96: =IMAGE("http://i.imgur.com/GYlWKEy.png",2) | M96: c | N96: shape water | U96: =IMAGE("http://i.imgur.com/1atTEws.png",3) | W96: c | X96: mind sliver | AE96: =IMAGE("http://i.imgur.com/1atTEws.png",3) | AG96: c
F97: CANTRIPS | M97: c | N97: minor ilusion | W97: c | X97: firebolt | AG97: c
M98: c | N98: message | W98: c | X98: Mage hand | AG98: c
B100: =IMAGE("http://i.imgur.com/S2iZUIk.png") | C100: 1 | D100: silveri barbs | K100: =IMAGE("http://i.imgur.com/YThwbjs.png",3) | M100: 0 | N100: find familiar (R) | U100: =IMAGE("http://i.imgur.com/YThwbjs.png",3) | W100: 1 | X100: jim malgic missile | AF100: =IMAGE("http://i.imgur.com/4gaCjL0.png",2) | AG100: SLOTS | AI100: =IMAGE("http://i.imgur.com/6jVSPeC.png",2) | AK100: MAX | AM100: =IMAGE("http://i.imgur.com/PtQGPp0.png",2) | AO100: =IMAGE("http://i.imgur.com/jVB4BpP.png")
C101: 1 | D101: shield | M101: 0 | N101: comprehend languages (R) | W101: 0 | X101: Identifi (R) | AG101: 2 | AK101: =if(C$91<>"",if(sum(AQ101:AQ102)>0,sum(AQ101:AQ102),"")+if(isnumber(find("magic initiate",feats)),1,""),"") -> 4 | AQ101: =IFERROR(__xludf.DUMMYFUNCTION("if(countif(AX6:AX15,""Pact Magic""),if(sum(filter($AT$6:$AT$22,$AX$6:$AX$22=""Pact Magic"")),choose(sum(filter($AT$6:$AT$22,$AX$6:$AX$22=""Pact Magic"")),1,2,"""","""","""","""","""","""","""","""","""","""","""","""","""","""","""","""","""",""""),""""),"&""""")"),"")
C102: 0 | D102: sleep | M102: 0 | N102: absorb elenents | W102: 0 | AQ102: =if(and(casterLevel<>"",casterLevel>0),choose(casterLevel,2,3,4,4,4,4,4,4,4,4,4,4,4,4,4,4,4,4,4,4),"") -> 4
C103: 0 | D103: magic missile | M103: 0 | N103: charm person | W103: 0
C104: 1 | D104: mage armor | M104: 0 | N104: feather fall | W104: 0 | AG104: SELL POINTS | AK104: 5
B106: =IMAGE("http://i.imgur.com/S2iZUIk.png") | C106: =IMAGE("http://i.imgur.com/DbudP1A.png",2) | E106: MAX | G106: =IMAGE("http://i.imgur.com/4ww92Ws.png",2) | I106: SLOTS | K106: =IMAGE("http://i.imgur.com/GYlWKEy.png",2) | M106: 1 | N106: misty stp (BA) | U106: =IMAGE("http://i.imgur.com/YThwbjs.png",3) | W106: 0 | X106: invisibilidade | AE106: =IMAGE("http://i.imgur.com/YThwbjs.png",3) | AG106: 0 | AO106: =IMAGE("http://i.imgur.com/jVB4BpP.png")
E107: =if(and($C$91<>"",sum(AQ107:AQ108)>0),sum(AQ107:AQ108),"") -> 3 | I107: 3 | M107: 0 | N107: Web | W107: 0 | X107: shatter | AG107: 0 | AQ107: =IFERROR(__xludf.DUMMYFUNCTION("if(countif(AX6:AX15,""Pact Magic""),if(sum(filter($AT$6:$AT$22,$AX$6:$AX$22=""Pact Magic"")),choose(sum(filter($AT$6:$AT$22,$AX$6:$AX$22=""Pact Magic"")),"""","""",2,2,"""","""","""","""","""","""","""","""","""","""","""","""","""","""","""",""""),""""),"&""""")"),"")
M108: 0 | N108: scorching ray | W108: 0 | X108: kinock | AG108: 0 | AQ108: =if(and(casterLevel<>"",casterLevel>0),choose(casterLevel,"","",2,3,3,3,3,3,3,3,3,3,3,3,3,3,3,3,3,3),"") -> 3
M109: 0 | N109: detect toughts | W109: 1 | X109: enhance ability | AG109: 0
...

Sheet Additional
A1: =IMAGE("https://i.imgur.com/dLCrlMP.png",1) | U1: =IMAGE("https://i.imgur.com/d8lzxuU.png",2) | AP1: =IMAGE("https://i.imgur.com/UEkMpNa.png",1)
B2: NAME | I2: ATK BONUS | M2: DAMAGE/TYPE | W2: NAME | AD2: ATK BONUS | AH2: DAMAGE/TYPE
H3: =IMAGE("http://i.imgur.com/qlVxTyw.png",3) | I3: =IFERROR(__xludf.DUMMYFUNCTION("if(and(proficiencyBonus,$AQ3<>"""",$BC3<>""-""), if(or( isnumber(find(""unarmed"",lower($AT3))), isnumber(find(""natural"",lower($AT3))), isnumber(find(""spell"",lower($AT3))), and(isnumber(f"&"ind(""improvised"",lower($AQ3))),isnumber(find(""brawler"",feats))), isnumber(find(lower($AT3),lower(weaponProficiencies))), not(isna(filter(arrayformula(trim(split(lower(weaponProficiencies),"",""))),isnumber(find(arrayformula"&"(trim(split(lower(weaponProficiencies),"",""))),lower($AQ3)))))) ), proficiencyBonus, 0 ) +if(lower($AU3)=""ranged"",archery+closeQuarters,0) +if(isnumber(find(""spell"",lower($AT3))),v2.1!$AR$91,0)"&" +$BC3, ""-"" )"),"-") -> - | L3: =IMAGE("http://i.imgur.com/qlVxTyw.png",3) | M3: =IFERROR(__xludf.DUMMYFUNCTION("substitute(if(and($AQ3<>"""",proficiencyBonus<>""""), $AR3&if(and(""melee""=lower($AU3),lower($AT3)<>""unarmed"",isnumber(find(""two-handed"",lower($R3&$BA3)))),greatWeaponFighting,"""") &if($AR3<>0,""+"" &if($BB3<>""〇"",$BC3,if($AW3<>""-"",$AW3,0)) +int"&"(iferror(regexextract(regexextract(Additional!$AR$79,""proficiency with[a-z ]+""&lower(array_constrain(filter('Attack Info'!$B$7:$B81,'Attack Info'!$B$7:$B81<>"""",isnumber(find(lower('Attack Info'!$B$7:$B81),lower($AQ3)))),1,1))&""[a-z, ]+\+[0-9]+ bonus "&"to damage[a-z ]+with such weapons""),""[0-9]+?""),0)) +int(iferror(regexextract(regexextract(Additional!$AR$79,""\+[0-9] bonus to damage[a-z ]+""&lower(array_constrain(filter('Attack Info'!$B$7:$B81,'Attack Info'!$B$7:$B81<>"""",isnumber(find(lower('Attac"&"k Info'!$B$7:$B81),lower($AQ3)))),1,1))),""[0-9]+?""),0)) +if(and(isnumber(find(""melee"",lower($AU3))),iserror(find(""unarmed"",lower($AT3))),iserror(find(""natural"",lower($AT3))),iserror(find(""two-handed"",lower($R3&$BA3)))),dueling,0) +if(isnumber(fi"&"nd(""thrown"",lower($BA3))),thrown,0) &""[""&$AS3&""]"","""") &if(and(PaladinLevel>=11,isnumber(find(""melee"",lower($AU3))),isnumber(find(lower($AT3),""simplemartial""))),""+1d8[radiant]"","""") &if($AX3<>""-"",""+""&$AX3&""[""&$AY3&""]"","""") &if(and(i"&"snumber(find(""pact"",lower($AQ3))),isnumber(find(""lifedrinker"",lower(invocations)))),""+""&chaMod&""[necrotic]"","""") &""|***""&textjoin("" "",True,if(and($AT3<>""-"",$AT3<>""Spell""),$AT3,""""),if($AU3<>""-"",$AU3,""""),if($AT3=""Spell"",$AT3,if(and("&"$AT3<>""Unarmed"",$AT3<>""Natural""),""Weapon"","""")))&"" Attack.***"" &if($BA3<>""-"","" ""&$BA3,"""") &if(and(isnumber(find(""melee"",lower($AU3))),iserror(find(""unarmed"",lower($AT3))),iserror(find(""natural"",lower($AT3))),iserror(find(""two-handed"&""",lower($R3&$AV3)))),"" ""&duelingText,"""") &if(and(or(lower($AT3)=""unarmed"",lower($AT3)=""natural""),unarmedFighting),"" ""&unarmedText,"""") &if(and(""melee""=lower($AU3),lower($AT3)<>""unarmed"",isnumber(find(""two-handed"",lower($R3&$BA3)))),"" """&"&gwfText,"""") &if(and(isnumber(find(""offhand"",lower($R3))),twoWeaponFighting),"" ""&twfText,"""") &if(and(lower($AU3)=""ranged"",lower($AT3)<>""spell""),if(archeryText<>"""","" ""&archeryText,"""")&if(closeQuartersText<>"""","" ""&closeQuartersText,"""&"""),"""") &if(isnumber(find(""thrown"",lower($BA3))),"" ""&thrownText,""""),"" -""),""+0"","""")")," -") -> - | AC3: =IMAGE("http://i.imgur.com/qlVxTyw.png",3) | AD3: =IFERROR(__xludf.DUMMYFUNCTION("if(and(proficiencyBonus,$AQ14<>"""",$BC14<>""-""), if(or( isnumber(find(""unarmed"",lower($AT14))), isnumber(find(""natural"",lower($AT14))), isnumber(find(""spell"",lower($AT14))), and(isnum"&"ber(find(""improvised"",lower($AQ14))),isnumber(find(""brawler"",feats))), isnumber(find(lower($AT14),lower(weaponProficiencies))), not(isna(filter(arrayformula(trim(split(lower(weaponProficiencies),"",""))),isnumber(find(array"&"formula(trim(split(lower(weaponProficiencies),"",""))),lower($AQ14)))))) ), proficiencyBonus, 0 ) +if(lower($AU14)=""ranged"",archery+closeQuarters,0) +if(isnumber(find(""spell"",lower($AT14))),v2.1"&"!$AR$91,0) +$BC14, ""-"" )"),"-") -> - | AG3: =IMAGE("http://i.imgur.com/qlVxTyw.png",3) | AH3: =IFERROR(__xludf.DUMMYFUNCTION("substitute(if(and($AQ14<>"""",proficiencyBonus<>""""), $AR14&if(and(""melee""=lower($AU14),lower($AT14)<>""unarmed"",isnumber(find(""two-handed"",lower($W3&$BA14)))),greatWeaponFighting,"""") &if($AR14<>0,""+"" &if($BB14<>""〇"",$BC14,if($AW14<>""-"",$AW1"&"4,0)) +int(iferror(regexextract(regexextract(Additional!$AR$79,""proficiency with[a-z ]+""&lower(array_constrain(filter('Attack Info'!$B$7:$B81,'Attack Info'!$B$7:$B81<>"""",isnumber(find(lower('Attack Info'!$B$7:$B81),lower($AQ14)))),1,1))&""[a-z, ]+\+[0"&"-9]+ bonus to damage[a-z ]+with such weapons""),""[0-9]+?""),0)) +int(iferror(regexextract(regexextract(Additional!$AR$79,""\+[0-9] bonus to damage[a-z ]+""&lower(array_constrain(filter('Attack Info'!$B$7:$B81,'Attack Info'!$B$7:$B81<>"""",isnumber(find(l"&"ower('Attack Info'!$B$7:$B81),lower($AQ14)))),1,1))),""[0-9]+?""),0)) +if(and(isnumber(find(""melee"",lower($AU14))),iserror(find(""unarmed"",lower($AT14))),iserror(find(""natural"",lower($AT14))),iserror(find(""two-handed"",lower($W3&$BA14)))),dueling,0)"&" +if(isnumber(find(""thrown"",lower($BA14))),thrown,0) &""[""&$AS14&""]"","""") &if(and(PaladinLevel>=11,isnumber(find(""melee"",lower($AU14))),isnumber(find(lower($AT14),""simplemartial""))),""+1d8[radiant]"","""") &if($AX14<>""-"",""+""&$AX14&""[""&$AY1"&"4&""]"","""") &if(and(isnumber(find(""pact"",lower($AQ14))),isnumber(find(""lifedrinker"",lower(invocations)))),""+""&chaMod&""[necrotic]"","""") &""|***""&textjoin("" "",True,if(and($AT14<>""-"",$AT14<>""Spell""),$AT14,""""),if($AU14<>""-"",$AU14,""""),i"&"f($AT14=""Spell"",$AT14,if(and($AT14<>""Unarmed"",$AT14<>""Natural""),""Weapon"","""")))&"" Attack.***"" &if($BA14<>""-"","" ""&$BA14,"""") &if(and(isnumber(find(""melee"",lower($AU14))),iserror(find(""unarmed"",lower($AT14))),iserror(find(""natural"",low"&"er($AT14))),iserror(find(""two-handed"",lower($W3&$AV14)))),"" ""&duelingText,"""") &if(and(or(lower($AT14)=""unarmed"",lower($AT14)=""natural""),unarmedFighting),"" ""&unarmedText,"""") &if(and(""melee""=lower($AU14),lower($AT14)<>""unarmed"",isnumber(fi"&"nd(""two-handed"",lower($W3&$BA14)))),"" ""&gwfText,"""") &if(and(isnumber(find(""offhand"",lower($W3))),twoWeaponFighting),"" ""&twfText,"""") &if(and(lower($AU14)=""ranged"",lower($AT14)<>""spell""),if(archeryText<>"""","" ""&archeryText,"""")&if(closeQ"&"uartersText<>"""","" ""&closeQuartersText,""""),"""") &if(isnumber(find(""thrown"",lower($BA14))),"" ""&thrownText,""""),"" -""),""+0"","""")")," -") -> - | AQ3: =IFERROR(__xludf.DUMMYFUNCTION("iferror(array_constrain(split(textjoin(""~"",True,filter('Attack Info'!$B$7:$AN81,'Attack Info'!$B$7:$B81<>"""",lower('Attack Info'!$B$7:$B81)=lower(B3))),""~""),1,12),"""")"),"") | BC3: {=if(and(strMod<>"-",dexMod<>"-"),if($AQ3<>"",if($AW3<>"-",$AW3,0) +if(isnumber(find(lower($AZ3),"strdexconintwischa")),if(indirect(lower($AZ3)&"Mod")<>"-",indirect(lower($AZ3)&"Mod"),0), if(or(isnumber(find("finesse",lower($BA3))),and($AV3<>"〇",MonkLevel<>"",MonkLevel>0)),max(strMod,dexMod),if(lower($AU3)="ranged",dexMod,strMod))),""),"-")}
H4: =IMAGE("http://i.imgur.com/qlVxTyw.png",3) | I4: =IFERROR(__xludf.DUMMYFUNCTION("if(and(proficiencyBonus,$AQ4<>"""",$BC4<>""-""), if(or( isnumber(find(""unarmed"",lower($AT4))), isnumber(find(""natural"",lower($AT4))), isnumber(find(""spell"",lower($AT4))), and(isnumber(f"&"ind(""improvised"",lower($AQ4))),isnumber(find(""brawler"",feats))), isnumber(find(lower($AT4),lower(weaponProficiencies))), not(isna(filter(arrayformula(trim(split(lower(weaponProficiencies),"",""))),isnumber(find(arrayformula"&"(trim(split(lower(weaponProficiencies),"",""))),lower($AQ4)))))) ), proficiencyBonus, 0 ) +if(lower($AU4)=""ranged"",archery+closeQuarters,0) +if(isnumber(find(""spell"",lower($AT4))),v2.1!$AR$91,0)"&" +$BC4, ""-"" )"),"-") -> - | L4: =IMAGE("http://i.imgur.com/qlVxTyw.png",3) | M4: =IFERROR(__xludf.DUMMYFUNCTION("substitute(if(and($AQ4<>"""",proficiencyBonus<>""""), $AR4&if(and(""melee""=lower($AU4),lower($AT4)<>""unarmed"",isnumber(find(""two-handed"",lower($R4&$BA4)))),greatWeaponFighting,"""") &if($AR4<>0,""+"" &if($BB4<>""〇"",$BC4,if($AW4<>""-"",$AW4,0)) +int"&"(iferror(regexextract(regexextract(Additional!$AR$79,""proficiency with[a-z ]+""&lower(array_constrain(filter('Attack Info'!$B$7:$B81,'Attack Info'!$B$7:$B81<>"""",isnumber(find(lower('Attack Info'!$B$7:$B81),lower($AQ4)))),1,1))&""[a-z, ]+\+[0-9]+ bonus "&"to damage[a-z ]+with such weapons""),""[0-9]+?""),0)) +int(iferror(regexextract(regexextract(Additional!$AR$79,""\+[0-9] bonus to damage[a-z ]+""&lower(array_constrain(filter('Attack Info'!$B$7:$B81,'Attack Info'!$B$7:$B81<>"""",isnumber(find(lower('Attac"&"k Info'!$B$7:$B81),lower($AQ4)))),1,1))),""[0-9]+?""),0)) +if(and(isnumber(find(""melee"",lower($AU4))),iserror(find(""unarmed"",lower($AT4))),iserror(find(""natural"",lower($AT4))),iserror(find(""two-handed"",lower($R4&$BA4)))),dueling,0) +if(isnumber(fi"&"nd(""thrown"",lower($BA4))),thrown,0) &""[""&$AS4&""]"","""") &if(and(PaladinLevel>=11,isnumber(find(""melee"",lower($AU4))),isnumber(find(lower($AT4),""simplemartial""))),""+1d8[radiant]"","""") &if($AX4<>""-"",""+""&$AX4&""[""&$AY4&""]"","""") &if(and(i"&"snumber(find(""pact"",lower($AQ4))),isnumber(find(""lifedrinker"",lower(invocations)))),""+""&chaMod&""[necrotic]"","""") &""|***""&textjoin("" "",True,if(and($AT4<>""-"",$AT4<>""Spell""),$AT4,""""),if($AU4<>""-"",$AU4,""""),if($AT4=""Spell"",$AT4,if(and("&"$AT4<>""Unarmed"",$AT4<>""Natural""),""Weapon"","""")))&"" Attack.***"" &if($BA4<>""-"","" ""&$BA4,"""") &if(and(isnumber(find(""melee"",lower($AU4))),iserror(find(""unarmed"",lower($AT4))),iserror(find(""natural"",lower($AT4))),iserror(find(""two-handed"&""",lower($R4&$AV4)))),"" ""&duelingText,"""") &if(and(or(lower($AT4)=""unarmed"",lower($AT4)=""natural""),unarmedFighting),"" ""&unarmedText,"""") &if(and(""melee""=lower($AU4),lower($AT4)<>""unarmed"",isnumber(find(""two-handed"",lower($R4&$BA4)))),"" """&"&gwfText,"""") &if(and(isnumber(find(""offhand"",lower($R4))),twoWeaponFighting),"" ""&twfText,"""") &if(and(lower($AU4)=""ranged"",lower($AT4)<>""spell""),if(archeryText<>"""","" ""&archeryText,"""")&if(closeQuartersText<>"""","" ""&closeQuartersText,"""&"""),"""") &if(isnumber(find(""thrown"",lower($BA4))),"" ""&thrownText,""""),"" -""),""+0"","""")")," -") -> - | AC4: =IMAGE("http://i.imgur.com/qlVxTyw.png",3) | AD4: =IFERROR(__xludf.DUMMYFUNCTION("if(and(proficiencyBonus,$AQ15<>"""",$BC15<>""-""), if(or( isnumber(find(""unarmed"",lower($AT15))), isnumber(find(""natural"",lower($AT15))), isnumber(find(""spell"",lower($AT15))), and(isnum"&"ber(find(""improvised"",lower($AQ15))),isnumber(find(""brawler"",feats))), isnumber(find(lower($AT15),lower(weaponProficiencies))), not(isna(filter(arrayformula(trim(split(lower(weaponProficiencies),"",""))),isnumber(find(array"&"formula(trim(split(lower(weaponProficiencies),"",""))),lower($AQ15)))))) ), proficiencyBonus, 0 ) +if(lower($AU15)=""ranged"",archery+closeQuarters,0) +if(isnumber(find(""spell"",lower($AT15))),v2.1"&"!$AR$91,0) +$BC15, ""-"" )"),"-") -> - | AG4: =IMAGE("http://i.imgur.com/qlVxTyw.png",3) | AH4: =IFERROR(__xludf.DUMMYFUNCTION("substitute(if(and($AQ15<>"""",proficiencyBonus<>""""), $AR15&if(and(""melee""=lower($AU15),lower($AT15)<>""unarmed"",isnumber(find(""two-handed"",lower($W4&$BA15)))),greatWeaponFighting,"""") &if($AR15<>0,""+"" &if($BB15<>""〇"",$BC15,if($AW15<>""-"",$AW1"&"5,0)) +int(iferror(regexextract(regexextract(Additional!$AR$79,""proficiency with[a-z ]+""&lower(array_constrain(filter('Attack Info'!$B$7:$B81,'Attack Info'!$B$7:$B81<>"""",isnumber(find(lower('Attack Info'!$B$7:$B81),lower($AQ15)))),1,1))&""[a-z, ]+\+[0"&"-9]+ bonus to damage[a-z ]+with such weapons""),""[0-9]+?""),0)) +int(iferror(regexextract(regexextract(Additional!$AR$79,""\+[0-9] bonus to damage[a-z ]+""&lower(array_constrain(filter('Attack Info'!$B$7:$B81,'Attack Info'!$B$7:$B81<>"""",isnumber(find(l"&"ower('Attack Info'!$B$7:$B81),lower($AQ15)))),1,1))),""[0-9]+?""),0)) +if(and(isnumber(find(""melee"",lower($AU15))),iserror(find(""unarmed"",lower($AT15))),iserror(find(""natural"",lower($AT15))),iserror(find(""two-handed"",lower($W4&$BA15)))),dueling,0)"&" +if(isnumber(find(""thrown"",lower($BA15))),thrown,0) &""[""&$AS15&""]"","""") &if(and(PaladinLevel>=11,isnumber(find(""melee"",lower($AU15))),isnumber(find(lower($AT15),""simplemartial""))),""+1d8[radiant]"","""") &if($AX15<>""-"",""+""&$AX15&""[""&$AY1"&"5&""]"","""") &if(and(isnumber(find(""pact"",lower($AQ15))),isnumber(find(""lifedrinker"",lower(invocations)))),""+""&chaMod&""[necrotic]"","""") &""|***""&textjoin("" "",True,if(and($AT15<>""-"",$AT15<>""Spell""),$AT15,""""),if($AU15<>""-"",$AU15,""""),i"&"f($AT15=""Spell"",$AT15,if(and($AT15<>""Unarmed"",$AT15<>""Natural""),""Weapon"","""")))&"" Attack.***"" &if($BA15<>""-"","" ""&$BA15,"""") &if(and(isnumber(find(""melee"",lower($AU15))),iserror(find(""unarmed"",lower($AT15))),iserror(find(""natural"",low"&"er($AT15))),iserror(find(""two-handed"",lower($W4&$AV15)))),"" ""&duelingText,"""") &if(and(or(lower($AT15)=""unarmed"",lower($AT15)=""natural""),unarmedFighting),"" ""&unarmedText,"""") &if(and(""melee""=lower($AU15),lower($AT15)<>""unarmed"",isnumber(fi"&"nd(""two-handed"",lower($W4&$BA15)))),"" ""&gwfText,"""") &if(and(isnumber(find(""offhand"",lower($W4))),twoWeaponFighting),"" ""&twfText,"""") &if(and(lower($AU15)=""ranged"",lower($AT15)<>""spell""),if(archeryText<>"""","" ""&archeryText,"""")&if(closeQ"&"uartersText<>"""","" ""&closeQuartersText,""""),"""") &if(isnumber(find(""thrown"",lower($BA15))),"" ""&thrownText,""""),"" -""),""+0"","""")")," -") -> - | AQ4: =IFERROR(__xludf.DUMMYFUNCTION("iferror(array_constrain(split(textjoin(""~"",True,filter('Attack Info'!$B$7:$AN81,'Attack Info'!$B$7:$B81<>"""",lower('Attack Info'!$B$7:$B81)=lower(B4))),""~""),1,12),"""")"),"") | BC4: {=if(and(strMod<>"-",dexMod<>"-"),if($AQ4<>"",if($AW4<>"-",$AW4,0) +if(isnumber(find(lower($AZ4),"strdexconintwischa")),if(indirect(lower($AZ4)&"Mod")<>"-",indirect(lower($AZ4)&"Mod"),0), if(or(isnumber(find("finesse",lower($BA4))),and($AV4<>"〇",MonkLevel<>"",MonkLevel>0)),max(strMod,dexMod),if(lower($AU4)="ranged",dexMod,strMod))),""),"-")}
H5: =IMAGE("http://i.imgur.com/qlVxTyw.png",3) | I5: =IFERROR(__xludf.DUMMYFUNCTION("if(and(proficiencyBonus,$AQ5<>"""",$BC5<>""-""), if(or( isnumber(find(""unarmed"",lower($AT5))), isnumber(find(""natural"",lower($AT5))), isnumber(find(""spell"",lower($AT5))), and(isnumber(f"&"ind(""improvised"",lower($AQ5))),isnumber(find(""brawler"",feats))), isnumber(find(lower($AT5),lower(weaponProficiencies))), not(isna(filter(arrayformula(trim(split(lower(weaponProficiencies),"",""))),isnumber(find(arrayformula"&"(trim(split(lower(weaponProficiencies),"",""))),lower($AQ5)))))) ), proficiencyBonus, 0 ) +if(lower($AU5)=""ranged"",archery+closeQuarters,0) +if(isnumber(find(""spell"",lower($AT5))),v2.1!$AR$91,0)"&" +$BC5, ""-"" )"),"-") -> - | L5: =IMAGE("http://i.imgur.com/qlVxTyw.png",3) | M5: =IFERROR(__xludf.DUMMYFUNCTION("substitute(if(and($AQ5<>"""",proficiencyBonus<>""""), $AR5&if(and(""melee""=lower($AU5),lower($AT5)<>""unarmed"",isnumber(find(""two-handed"",lower($R5&$BA5)))),greatWeaponFighting,"""") &if($AR5<>0,""+"" &if($BB5<>""〇"",$BC5,if($AW5<>""-"",$AW5,0)) +int"&"(iferror(regexextract(regexextract(Additional!$AR$79,""proficiency with[a-z ]+""&lower(array_constrain(filter('Attack Info'!$B$7:$B81,'Attack Info'!$B$7:$B81<>"""",isnumber(find(lower('Attack Info'!$B$7:$B81),lower($AQ5)))),1,1))&""[a-z, ]+\+[0-9]+ bonus "&"to damage[a-z ]+with such weapons""),""[0-9]+?""),0)) +int(iferror(regexextract(regexextract(Additional!$AR$79,""\+[0-9] bonus to damage[a-z ]+""&lower(array_constrain(filter('Attack Info'!$B$7:$B81,'Attack Info'!$B$7:$B81<>"""",isnumber(find(lower('Attac"&"k Info'!$B$7:$B81),lower($AQ5)))),1,1))),""[0-9]+?""),0)) +if(and(isnumber(find(""melee"",lower($AU5))),iserror(find(""unarmed"",lower($AT5))),iserror(find(""natural"",lower($AT5))),iserror(find(""two-handed"",lower($R5&$BA5)))),dueling,0) +if(isnumber(fi"&"nd(""thrown"",lower($BA5))),thrown,0) &""[""&$AS5&""]"","""") &if(and(PaladinLevel>=11,isnumber(find(""melee"",lower($AU5))),isnumber(find(lower($AT5),""simplemartial""))),""+1d8[radiant]"","""") &if($AX5<>""-"",""+""&$AX5&""[""&$AY5&""]"","""") &if(and(i"&"snumber(find(""pact"",lower($AQ5))),isnumber(find(""lifedrinker"",lower(invocations)))),""+""&chaMod&""[necrotic]"","""") &""|***""&textjoin("" "",True,if(and($AT5<>""-"",$AT5<>""Spell""),$AT5,""""),if($AU5<>""-"",$AU5,""""),if($AT5=""Spell"",$AT5,if(and("&"$AT5<>""Unarmed"",$AT5<>""Natural""),""Weapon"","""")))&"" Attack.***"" &if($BA5<>""-"","" ""&$BA5,"""") &if(and(isnumber(find(""melee"",lower($AU5))),iserror(find(""unarmed"",lower($AT5))),iserror(find(""natural"",lower($AT5))),iserror(find(""two-handed"&""",lower($R5&$AV5)))),"" ""&duelingText,"""") &if(and(or(lower($AT5)=""unarmed"",lower($AT5)=""natural""),unarmedFighting),"" ""&unarmedText,"""") &if(and(""melee""=lower($AU5),lower($AT5)<>""unarmed"",isnumber(find(""two-handed"",lower($R5&$BA5)))),"" """&"&gwfText,"""") &if(and(isnumber(find(""offhand"",lower($R5))),twoWeaponFighting),"" ""&twfText,"""") &if(and(lower($AU5)=""ranged"",lower($AT5)<>""spell""),if(archeryText<>"""","" ""&archeryText,"""")&if(closeQuartersText<>"""","" ""&closeQuartersText,"""&"""),"""") &if(isnumber(find(""thrown"",lower($BA5))),"" ""&thrownText,""""),"" -""),""+0"","""")")," -") -> - | AC5: =IMAGE("http://i.imgur.com/qlVxTyw.png",3) | AD5: =IFERROR(__xludf.DUMMYFUNCTION("if(and(proficiencyBonus,$AQ16<>"""",$BC16<>""-""), if(or( isnumber(find(""unarmed"",lower($AT16))), isnumber(find(""natural"",lower($AT16))), isnumber(find(""spell"",lower($AT16))), and(isnum"&"ber(find(""improvised"",lower($AQ16))),isnumber(find(""brawler"",feats))), isnumber(find(lower($AT16),lower(weaponProficiencies))), not(isna(filter(arrayformula(trim(split(lower(weaponProficiencies),"",""))),isnumber(find(array"&"formula(trim(split(lower(weaponProficiencies),"",""))),lower($AQ16)))))) ), proficiencyBonus, 0 ) +if(lower($AU16)=""ranged"",archery+closeQuarters,0) +if(isnumber(find(""spell"",lower($AT16))),v2.1"&"!$AR$91,0) +$BC16, ""-"" )"),"-") -> - | AG5: =IMAGE("http://i.imgur.com/qlVxTyw.png",3) | AH5: =IFERROR(__xludf.DUMMYFUNCTION("substitute(if(and($AQ16<>"""",proficiencyBonus<>""""), $AR16&if(and(""melee""=lower($AU16),lower($AT16)<>""unarmed"",isnumber(find(""two-handed"",lower($W5&$BA16)))),greatWeaponFighting,"""") &if($AR16<>0,""+"" &if($BB16<>""〇"",$BC16,if($AW16<>""-"",$AW1"&"6,0)) +int(iferror(regexextract(regexextract(Additional!$AR$79,""proficiency with[a-z ]+""&lower(array_constrain(filter('Attack Info'!$B$7:$B81,'Attack Info'!$B$7:$B81<>"""",isnumber(find(lower('Attack Info'!$B$7:$B81),lower($AQ16)))),1,1))&""[a-z, ]+\+[0"&"-9]+ bonus to damage[a-z ]+with such weapons""),""[0-9]+?""),0)) +int(iferror(regexextract(regexextract(Additional!$AR$79,""\+[0-9] bonus to damage[a-z ]+""&lower(array_constrain(filter('Attack Info'!$B$7:$B81,'Attack Info'!$B$7:$B81<>"""",isnumber(find(l"&"ower('Attack Info'!$B$7:$B81),lower($AQ16)))),1,1))),""[0-9]+?""),0)) +if(and(isnumber(find(""melee"",lower($AU16))),iserror(find(""unarmed"",lower($AT16))),iserror(find(""natural"",lower($AT16))),iserror(find(""two-handed"",lower($W5&$BA16)))),dueling,0)"&" +if(isnumber(find(""thrown"",lower($BA16))),thrown,0) &""[""&$AS16&""]"","""") &if(and(PaladinLevel>=11,isnumber(find(""melee"",lower($AU16))),isnumber(find(lower($AT16),""simplemartial""))),""+1d8[radiant]"","""") &if($AX16<>""-"",""+""&$AX16&""[""&$AY1"&"6&""]"","""") &if(and(isnumber(find(""pact"",lower($AQ16))),isnumber(find(""lifedrinker"",lower(invocations)))),""+""&chaMod&""[necrotic]"","""") &""|***""&textjoin("" "",True,if(and($AT16<>""-"",$AT16<>""Spell""),$AT16,""""),if($AU16<>""-"",$AU16,""""),i"&"f($AT16=""Spell"",$AT16,if(and($AT16<>""Unarmed"",$AT16<>""Natural""),""Weapon"","""")))&"" Attack.***"" &if($BA16<>""-"","" ""&$BA16,"""") &if(and(isnumber(find(""melee"",lower($AU16))),iserror(find(""unarmed"",lower($AT16))),iserror(find(""natural"",low"&"er($AT16))),iserror(find(""two-handed"",lower($W5&$AV16)))),"" ""&duelingText,"""") &if(and(or(lower($AT16)=""unarmed"",lower($AT16)=""natural""),unarmedFighting),"" ""&unarmedText,"""") &if(and(""melee""=lower($AU16),lower($AT16)<>""unarmed"",isnumber(fi"&"nd(""two-handed"",lower($W5&$BA16)))),"" ""&gwfText,"""") &if(and(isnumber(find(""offhand"",lower($W5))),twoWeaponFighting),"" ""&twfText,"""") &if(and(lower($AU16)=""ranged"",lower($AT16)<>""spell""),if(archeryText<>"""","" ""&archeryText,"""")&if(closeQ"&"uartersText<>"""","" ""&closeQuartersText,""""),"""") &if(isnumber(find(""thrown"",lower($BA16))),"" ""&thrownText,""""),"" -""),""+0"","""")")," -") -> - | AQ5: =IFERROR(__xludf.DUMMYFUNCTION("iferror(array_constrain(split(textjoin(""~"",True,filter('Attack Info'!$B$7:$AN81,'Attack Info'!$B$7:$B81<>"""",lower('Attack Info'!$B$7:$B81)=lower(B5))),""~""),1,12),"""")"),"") | BC5: {=if(and(strMod<>"-",dexMod<>"-"),if($AQ5<>"",if($AW5<>"-",$AW5,0) +if(isnumber(find(lower($AZ5),"strdexconintwischa")),if(indirect(lower($AZ5)&"Mod")<>"-",indirect(lower($AZ5)&"Mod"),0), if(or(isnumber(find("finesse",lower($BA5))),and($AV5<>"〇",MonkLevel<>"",MonkLevel>0)),max(strMod,dexMod),if(lower($AU5)="ranged",dexMod,strMod))),""),"-")}
H6: =IMAGE("http://i.imgur.com/qlVxTyw.png",3) | I6: =IFERROR(__xludf.DUMMYFUNCTION("if(and(proficiencyBonus,$AQ6<>"""",$BC6<>""-""), if(or( isnumber(find(""unarmed"",lower($AT6))), isnumber(find(""natural"",lower($AT6))), isnumber(find(""spell"",lower($AT6))), and(isnumber(f"&"ind(""improvised"",lower($AQ6))),isnumber(find(""brawler"",feats))), isnumber(find(lower($AT6),lower(weaponProficiencies))), not(isna(filter(arrayformula(trim(split(lower(weaponProficiencies),"",""))),isnumber(find(arrayformula"&"(trim(split(lower(weaponProficiencies),"",""))),lower($AQ6)))))) ), proficiencyBonus, 0 ) +if(lower($AU6)=""ranged"",archery+closeQuarters,0) +if(isnumber(find(""spell"",lower($AT6))),v2.1!$AR$91,0)"&" +$BC6, ""-"" )"),"-") -> - | L6: =IMAGE("http://i.imgur.com/qlVxTyw.png",3) | M6: =IFERROR(__xludf.DUMMYFUNCTION("substitute(if(and($AQ6<>"""",proficiencyBonus<>""""), $AR6&if(and(""melee""=lower($AU6),lower($AT6)<>""unarmed"",isnumber(find(""two-handed"",lower($R6&$BA6)))),greatWeaponFighting,"""") &if($AR6<>0,""+"" &if($BB6<>""〇"",$BC6,if($AW6<>""-"",$AW6,0)) +int"&"(iferror(regexextract(regexextract(Additional!$AR$79,""proficiency with[a-z ]+""&lower(array_constrain(filter('Attack Info'!$B$7:$B81,'Attack Info'!$B$7:$B81<>"""",isnumber(find(lower('Attack Info'!$B$7:$B81),lower($AQ6)))),1,1))&""[a-z, ]+\+[0-9]+ bonus "&"to damage[a-z ]+with such weapons""),""[0-9]+?""),0)) +int(iferror(regexextract(regexextract(Additional!$AR$79,""\+[0-9] bonus to damage[a-z ]+""&lower(array_constrain(filter('Attack Info'!$B$7:$B81,'Attack Info'!$B$7:$B81<>"""",isnumber(find(lower('Attac"&"k Info'!$B$7:$B81),lower($AQ6)))),1,1))),""[0-9]+?""),0)) +if(and(isnumber(find(""melee"",lower($AU6))),iserror(find(""unarmed"",lower($AT6))),iserror(find(""natural"",lower($AT6))),iserror(find(""two-handed"",lower($R6&$BA6)))),dueling,0) +if(isnumber(fi"&"nd(""thrown"",lower($BA6))),thrown,0) &""[""&$AS6&""]"","""") &if(and(PaladinLevel>=11,isnumber(find(""melee"",lower($AU6))),isnumber(find(lower($AT6),""simplemartial""))),""+1d8[radiant]"","""") &if($AX6<>""-"",""+""&$AX6&""[""&$AY6&""]"","""") &if(and(i"&"snumber(find(""pact"",lower($AQ6))),isnumber(find(""lifedrinker"",lower(invocations)))),""+""&chaMod&""[necrotic]"","""") &""|***""&textjoin("" "",True,if(and($AT6<>""-"",$AT6<>""Spell""),$AT6,""""),if($AU6<>""-"",$AU6,""""),if($AT6=""Spell"",$AT6,if(and("&"$AT6<>""Unarmed"",$AT6<>""Natural""),""Weapon"","""")))&"" Attack.***"" &if($BA6<>""-"","" ""&$BA6,"""") &if(and(isnumber(find(""melee"",lower($AU6))),iserror(find(""unarmed"",lower($AT6))),iserror(find(""natural"",lower($AT6))),iserror(find(""two-handed"&""",lower($R6&$AV6)))),"" ""&duelingText,"""") &if(and(or(lower($AT6)=""unarmed"",lower($AT6)=""natural""),unarmedFighting),"" ""&unarmedText,"""") &if(and(""melee""=lower($AU6),lower($AT6)<>""unarmed"",isnumber(find(""two-handed"",lower($R6&$BA6)))),"" """&"&gwfText,"""") &if(and(isnumber(find(""offhand"",lower($R6))),twoWeaponFighting),"" ""&twfText,"""") &if(and(lower($AU6)=""ranged"",lower($AT6)<>""spell""),if(archeryText<>"""","" ""&archeryText,"""")&if(closeQuartersText<>"""","" ""&closeQuartersText,"""&"""),"""") &if(isnumber(find(""thrown"",lower($BA6))),"" ""&thrownText,""""),"" -""),""+0"","""")")," -") -> - | AC6: =IMAGE("http://i.imgur.com/qlVxTyw.png",3) | AD6: =IFERROR(__xludf.DUMMYFUNCTION("if(and(proficiencyBonus,$AQ17<>"""",$BC17<>""-""), if(or( isnumber(find(""unarmed"",lower($AT17))), isnumber(find(""natural"",lower($AT17))), isnumber(find(""spell"",lower($AT17))), and(isnum"&"ber(find(""improvised"",lower($AQ17))),isnumber(find(""brawler"",feats))), isnumber(find(lower($AT17),lower(weaponProficiencies))), not(isna(filter(arrayformula(trim(split(lower(weaponProficiencies),"",""))),isnumber(find(array"&"formula(trim(split(lower(weaponProficiencies),"",""))),lower($AQ17)))))) ), proficiencyBonus, 0 ) +if(lower($AU17)=""ranged"",archery+closeQuarters,0) +if(isnumber(find(""spell"",lower($AT17))),v2.1"&"!$AR$91,0) +$BC17, ""-"" )"),"-") -> - | AG6: =IMAGE("http://i.imgur.com/qlVxTyw.png",3) | AH6: =IFERROR(__xludf.DUMMYFUNCTION("substitute(if(and($AQ17<>"""",proficiencyBonus<>""""), $AR17&if(and(""melee""=lower($AU17),lower($AT17)<>""unarmed"",isnumber(find(""two-handed"",lower($W6&$BA17)))),greatWeaponFighting,"""") &if($AR17<>0,""+"" &if($BB17<>""〇"",$BC17,if($AW17<>""-"",$AW1"&"7,0)) +int(iferror(regexextract(regexextract(Additional!$AR$79,""proficiency with[a-z ]+""&lower(array_constrain(filter('Attack Info'!$B$7:$B81,'Attack Info'!$B$7:$B81<>"""",isnumber(find(lower('Attack Info'!$B$7:$B81),lower($AQ17)))),1,1))&""[a-z, ]+\+[0"&"-9]+ bonus to damage[a-z ]+with such weapons""),""[0-9]+?""),0)) +int(iferror(regexextract(regexextract(Additional!$AR$79,""\+[0-9] bonus to damage[a-z ]+""&lower(array_constrain(filter('Attack Info'!$B$7:$B81,'Attack Info'!$B$7:$B81<>"""",isnumber(find(l"&"ower('Attack Info'!$B$7:$B81),lower($AQ17)))),1,1))),""[0-9]+?""),0)) +if(and(isnumber(find(""melee"",lower($AU17))),iserror(find(""unarmed"",lower($AT17))),iserror(find(""natural"",lower($AT17))),iserror(find(""two-handed"",lower($W6&$BA17)))),dueling,0)"&" +if(isnumber(find(""thrown"",lower($BA17))),thrown,0) &""[""&$AS17&""]"","""") &if(and(PaladinLevel>=11,isnumber(find(""melee"",lower($AU17))),isnumber(find(lower($AT17),""simplemartial""))),""+1d8[radiant]"","""") &if($AX17<>""-"",""+""&$AX17&""[""&$AY1"&"7&""]"","""") &if(and(isnumber(find(""pact"",lower($AQ17))),isnumber(find(""lifedrinker"",lower(invocations)))),""+""&chaMod&""[necrotic]"","""") &""|***""&textjoin("" "",True,if(and($AT17<>""-"",$AT17<>""Spell""),$AT17,""""),if($AU17<>""-"",$AU17,""""),i"&"f($AT17=""Spell"",$AT17,if(and($AT17<>""Unarmed"",$AT17<>""Natural""),""Weapon"","""")))&"" Attack.***"" &if($BA17<>""-"","" ""&$BA17,"""") &if(and(isnumber(find(""melee"",lower($AU17))),iserror(find(""unarmed"",lower($AT17))),iserror(find(""natural"",low"&"er($AT17))),iserror(find(""two-handed"",lower($W6&$AV17)))),"" ""&duelingText,"""") &if(and(or(lower($AT17)=""unarmed"",lower($AT17)=""natural""),unarmedFighting),"" ""&unarmedText,"""") &if(and(""melee""=lower($AU17),lower($AT17)<>""unarmed"",isnumber(fi"&"nd(""two-handed"",lower($W6&$BA17)))),"" ""&gwfText,"""") &if(and(isnumber(find(""offhand"",lower($W6))),twoWeaponFighting),"" ""&twfText,"""") &if(and(lower($AU17)=""ranged"",lower($AT17)<>""spell""),if(archeryText<>"""","" ""&archeryText,"""")&if(closeQ"&"uartersText<>"""","" ""&closeQuartersText,""""),"""") &if(isnumber(find(""thrown"",lower($BA17))),"" ""&thrownText,""""),"" -""),""+0"","""")")," -") -> - | AQ6: =IFERROR(__xludf.DUMMYFUNCTION("iferror(array_constrain(split(textjoin(""~"",True,filter('Attack Info'!$B$7:$AN81,'Attack Info'!$B$7:$B81<>"""",lower('Attack Info'!$B$7:$B81)=lower(B6))),""~""),1,12),"""")"),"") | BC6: {=if(and(strMod<>"-",dexMod<>"-"),if($AQ6<>"",if($AW6<>"-",$AW6,0) +if(isnumber(find(lower($AZ6),"strdexconintwischa")),if(indirect(lower($AZ6)&"Mod")<>"-",indirect(lower($AZ6)&"Mod"),0), if(or(isnumber(find("finesse",lower($BA6))),and($AV6<>"〇",MonkLevel<>"",MonkLevel>0)),max(strMod,dexMod),if(lower($AU6)="ranged",dexMod,strMod))),""),"-")}
H7: =IMAGE("http://i.imgur.com/qlVxTyw.png",3) | I7: =IFERROR(__xludf.DUMMYFUNCTION("if(and(proficiencyBonus,$AQ7<>"""",$BC7<>""-""), if(or( isnumber(find(""unarmed"",lower($AT7))), isnumber(find(""natural"",lower($AT7))), isnumber(find(""spell"",lower($AT7))), and(isnumber(f"&"ind(""improvised"",lower($AQ7))),isnumber(find(""brawler"",feats))), isnumber(find(lower($AT7),lower(weaponProficiencies))), not(isna(filter(arrayformula(trim(split(lower(weaponProficiencies),"",""))),isnumber(find(arrayformula"&"(trim(split(lower(weaponProficiencies),"",""))),lower($AQ7)))))) ), proficiencyBonus, 0 ) +if(lower($AU7)=""ranged"",archery+closeQuarters,0) +if(isnumber(find(""spell"",lower($AT7))),v2.1!$AR$91,0)"&" +$BC7, ""-"" )"),"-") -> - | L7: =IMAGE("http://i.imgur.com/qlVxTyw.png",3) | M7: =IFERROR(__xludf.DUMMYFUNCTION("substitute(if(and($AQ7<>"""",proficiencyBonus<>""""), $AR7&if(and(""melee""=lower($AU7),lower($AT7)<>""unarmed"",isnumber(find(""two-handed"",lower($R7&$BA7)))),greatWeaponFighting,"""") &if($AR7<>0,""+"" &if($BB7<>""〇"",$BC7,if($AW7<>""-"",$AW7,0)) +int"&"(iferror(regexextract(regexextract(Additional!$AR$79,""proficiency with[a-z ]+""&lower(array_constrain(filter('Attack Info'!$B$7:$B81,'Attack Info'!$B$7:$B81<>"""",isnumber(find(lower('Attack Info'!$B$7:$B81),lower($AQ7)))),1,1))&""[a-z, ]+\+[0-9]+ bonus "&"to damage[a-z ]+with such weapons""),""[0-9]+?""),0)) +int(iferror(regexextract(regexextract(Additional!$AR$79,""\+[0-9] bonus to damage[a-z ]+""&lower(array_constrain(filter('Attack Info'!$B$7:$B81,'Attack Info'!$B$7:$B81<>"""",isnumber(find(lower('Attac"&"k Info'!$B$7:$B81),lower($AQ7)))),1,1))),""[0-9]+?""),0)) +if(and(isnumber(find(""melee"",lower($AU7))),iserror(find(""unarmed"",lower($AT7))),iserror(find(""natural"",lower($AT7))),iserror(find(""two-handed"",lower($R7&$BA7)))),dueling,0) +if(isnumber(fi"&"nd(""thrown"",lower($BA7))),thrown,0) &""[""&$AS7&""]"","""") &if(and(PaladinLevel>=11,isnumber(find(""melee"",lower($AU7))),isnumber(find(lower($AT7),""simplemartial""))),""+1d8[radiant]"","""") &if($AX7<>""-"",""+""&$AX7&""[""&$AY7&""]"","""") &if(and(i"&"snumber(find(""pact"",lower($AQ7))),isnumber(find(""lifedrinker"",lower(invocations)))),""+""&chaMod&""[necrotic]"","""") &""|***""&textjoin("" "",True,if(and($AT7<>""-"",$AT7<>""Spell""),$AT7,""""),if($AU7<>""-"",$AU7,""""),if($AT7=""Spell"",$AT7,if(and("&"$AT7<>""Unarmed"",$AT7<>""Natural""),""Weapon"","""")))&"" Attack.***"" &if($BA7<>""-"","" ""&$BA7,"""") &if(and(isnumber(find(""melee"",lower($AU7))),iserror(find(""unarmed"",lower($AT7))),iserror(find(""natural"",lower($AT7))),iserror(find(""two-handed"&""",lower($R7&$AV7)))),"" ""&duelingText,"""") &if(and(or(lower($AT7)=""unarmed"",lower($AT7)=""natural""),unarmedFighting),"" ""&unarmedText,"""") &if(and(""melee""=lower($AU7),lower($AT7)<>""unarmed"",isnumber(find(""two-handed"",lower($R7&$BA7)))),"" """&"&gwfText,"""") &if(and(isnumber(find(""offhand"",lower($R7))),twoWeaponFighting),"" ""&twfText,"""") &if(and(lower($AU7)=""ranged"",lower($AT7)<>""spell""),if(archeryText<>"""","" ""&archeryText,"""")&if(closeQuartersText<>"""","" ""&closeQuartersText,"""&"""),"""") &if(isnumber(find(""thrown"",lower($BA7))),"" ""&thrownText,""""),"" -""),""+0"","""")")," -") -> - | AC7: =IMAGE("http://i.imgur.com/qlVxTyw.png",3) | AD7: =IFERROR(__xludf.DUMMYFUNCTION("if(and(proficiencyBonus,$AQ18<>"""",$BC18<>""-""), if(or( isnumber(find(""unarmed"",lower($AT18))), isnumber(find(""natural"",lower($AT18))), isnumber(find(""spell"",lower($AT18))), and(isnum"&"ber(find(""improvised"",lower($AQ18))),isnumber(find(""brawler"",feats))), isnumber(find(lower($AT18),lower(weaponProficiencies))), not(isna(filter(arrayformula(trim(split(lower(weaponProficiencies),"",""))),isnumber(find(array"&"formula(trim(split(lower(weaponProficiencies),"",""))),lower($AQ18)))))) ), proficiencyBonus, 0 ) +if(lower($AU18)=""ranged"",archery+closeQuarters,0) +if(isnumber(find(""spell"",lower($AT18))),v2.1"&"!$AR$91,0) +$BC18, ""-"" )"),"-") -> - | AG7: =IMAGE("http://i.imgur.com/qlVxTyw.png",3) | AH7: =IFERROR(__xludf.DUMMYFUNCTION("substitute(if(and($AQ18<>"""",proficiencyBonus<>""""), $AR18&if(and(""melee""=lower($AU18),lower($AT18)<>""unarmed"",isnumber(find(""two-handed"",lower($W7&$BA18)))),greatWeaponFighting,"""") &if($AR18<>0,""+"" &if($BB18<>""〇"",$BC18,if($AW18<>""-"",$AW1"&"8,0)) +int(iferror(regexextract(regexextract(Additional!$AR$79,""proficiency with[a-z ]+""&lower(array_constrain(filter('Attack Info'!$B$7:$B81,'Attack Info'!$B$7:$B81<>"""",isnumber(find(lower('Attack Info'!$B$7:$B81),lower($AQ18)))),1,1))&""[a-z, ]+\+[0"&"-9]+ bonus to damage[a-z ]+with such weapons""),""[0-9]+?""),0)) +int(iferror(regexextract(regexextract(Additional!$AR$79,""\+[0-9] bonus to damage[a-z ]+""&lower(array_constrain(filter('Attack Info'!$B$7:$B81,'Attack Info'!$B$7:$B81<>"""",isnumber(find(l"&"ower('Attack Info'!$B$7:$B81),lower($AQ18)))),1,1))),""[0-9]+?""),0)) +if(and(isnumber(find(""melee"",lower($AU18))),iserror(find(""unarmed"",lower($AT18))),iserror(find(""natural"",lower($AT18))),iserror(find(""two-handed"",lower($W7&$BA18)))),dueling,0)"&" +if(isnumber(find(""thrown"",lower($BA18))),thrown,0) &""[""&$AS18&""]"","""") &if(and(PaladinLevel>=11,isnumber(find(""melee"",lower($AU18))),isnumber(find(lower($AT18),""simplemartial""))),""+1d8[radiant]"","""") &if($AX18<>""-"",""+""&$AX18&""[""&$AY1"&"8&""]"","""") &if(and(isnumber(find(""pact"",lower($AQ18))),isnumber(find(""lifedrinker"",lower(invocations)))),""+""&chaMod&""[necrotic]"","""") &""|***""&textjoin("" "",True,if(and($AT18<>""-"",$AT18<>""Spell""),$AT18,""""),if($AU18<>""-"",$AU18,""""),i"&"f($AT18=""Spell"",$AT18,if(and($AT18<>""Unarmed"",$AT18<>""Natural""),""Weapon"","""")))&"" Attack.***"" &if($BA18<>""-"","" ""&$BA18,"""") &if(and(isnumber(find(""melee"",lower($AU18))),iserror(find(""unarmed"",lower($AT18))),iserror(find(""natural"",low"&"er($AT18))),iserror(find(""two-handed"",lower($W7&$AV18)))),"" ""&duelingText,"""") &if(and(or(lower($AT18)=""unarmed"",lower($AT18)=""natural""),unarmedFighting),"" ""&unarmedText,"""") &if(and(""melee""=lower($AU18),lower($AT18)<>""unarmed"",isnumber(fi"&"nd(""two-handed"",lower($W7&$BA18)))),"" ""&gwfText,"""") &if(and(isnumber(find(""offhand"",lower($W7))),twoWeaponFighting),"" ""&twfText,"""") &if(and(lower($AU18)=""ranged"",lower($AT18)<>""spell""),if(archeryText<>"""","" ""&archeryText,"""")&if(closeQ"&"uartersText<>"""","" ""&closeQuartersText,""""),"""") &if(isnumber(find(""thrown"",lower($BA18))),"" ""&thrownText,""""),"" -""),""+0"","""")")," -") -> - | AQ7: =IFERROR(__xludf.DUMMYFUNCTION("iferror(array_constrain(split(textjoin(""~"",True,filter('Attack Info'!$B$7:$AN81,'Attack Info'!$B$7:$B81<>"""",lower('Attack Info'!$B$7:$B81)=lower(B7))),""~""),1,12),"""")"),"") | BC7: {=if(and(strMod<>"-",dexMod<>"-"),if($AQ7<>"",if($AW7<>"-",$AW7,0) +if(isnumber(find(lower($AZ7),"strdexconintwischa")),if(indirect(lower($AZ7)&"Mod")<>"-",indirect(lower($AZ7)&"Mod"),0), if(or(isnumber(find("finesse",lower($BA7))),and($AV7<>"〇",MonkLevel<>"",MonkLevel>0)),max(strMod,dexMod),if(lower($AU7)="ranged",dexMod,strMod))),""),"-")}
H8: =IMAGE("http://i.imgur.com/qlVxTyw.png",3) | I8: =IFERROR(__xludf.DUMMYFUNCTION("if(and(proficiencyBonus,$AQ8<>"""",$BC8<>""-""), if(or( isnumber(find(""unarmed"",lower($AT8))), isnumber(find(""natural"",lower($AT8))), isnumber(find(""spell"",lower($AT8))), and(isnumber(f"&"ind(""improvised"",lower($AQ8))),isnumber(find(""brawler"",feats))), isnumber(find(lower($AT8),lower(weaponProficiencies))), not(isna(filter(arrayformula(trim(split(lower(weaponProficiencies),"",""))),isnumber(find(arrayformula"&"(trim(split(lower(weaponProficiencies),"",""))),lower($AQ8)))))) ), proficiencyBonus, 0 ) +if(lower($AU8)=""ranged"",archery+closeQuarters,0) +if(isnumber(find(""spell"",lower($AT8))),v2.1!$AR$91,0)"&" +$BC8, ""-"" )"),"-") -> - | L8: =IMAGE("http://i.imgur.com/qlVxTyw.png",3) | M8: =IFERROR(__xludf.DUMMYFUNCTION("substitute(if(and($AQ8<>"""",proficiencyBonus<>""""), $AR8&if(and(""melee""=lower($AU8),lower($AT8)<>""unarmed"",isnumber(find(""two-handed"",lower($R8&$BA8)))),greatWeaponFighting,"""") &if($AR8<>0,""+"" &if($BB8<>""〇"",$BC8,if($AW8<>""-"",$AW8,0)) +int"&"(iferror(regexextract(regexextract(Additional!$AR$79,""proficiency with[a-z ]+""&lower(array_constrain(filter('Attack Info'!$B$7:$B81,'Attack Info'!$B$7:$B81<>"""",isnumber(find(lower('Attack Info'!$B$7:$B81),lower($AQ8)))),1,1))&""[a-z, ]+\+[0-9]+ bonus "&"to damage[a-z ]+with such weapons""),""[0-9]+?""),0)) +int(iferror(regexextract(regexextract(Additional!$AR$79,""\+[0-9] bonus to damage[a-z ]+""&lower(array_constrain(filter('Attack Info'!$B$7:$B81,'Attack Info'!$B$7:$B81<>"""",isnumber(find(lower('Attac"&"k Info'!$B$7:$B81),lower($AQ8)))),1,1))),""[0-9]+?""),0)) +if(and(isnumber(find(""melee"",lower($AU8))),iserror(find(""unarmed"",lower($AT8))),iserror(find(""natural"",lower($AT8))),iserror(find(""two-handed"",lower($R8&$BA8)))),dueling,0) +if(isnumber(fi"&"nd(""thrown"",lower($BA8))),thrown,0) &""[""&$AS8&""]"","""") &if(and(PaladinLevel>=11,isnumber(find(""melee"",lower($AU8))),isnumber(find(lower($AT8),""simplemartial""))),""+1d8[radiant]"","""") &if($AX8<>""-"",""+""&$AX8&""[""&$AY8&""]"","""") &if(and(i"&"snumber(find(""pact"",lower($AQ8))),isnumber(find(""lifedrinker"",lower(invocations)))),""+""&chaMod&""[necrotic]"","""") &""|***""&textjoin("" "",True,if(and($AT8<>""-"",$AT8<>""Spell""),$AT8,""""),if($AU8<>""-"",$AU8,""""),if($AT8=""Spell"",$AT8,if(and("&"$AT8<>""Unarmed"",$AT8<>""Natural""),""Weapon"","""")))&"" Attack.***"" &if($BA8<>""-"","" ""&$BA8,"""") &if(and(isnumber(find(""melee"",lower($AU8))),iserror(find(""unarmed"",lower($AT8))),iserror(find(""natural"",lower($AT8))),iserror(find(""two-handed"&""",lower($R8&$AV8)))),"" ""&duelingText,"""") &if(and(or(lower($AT8)=""unarmed"",lower($AT8)=""natural""),unarmedFighting),"" ""&unarmedText,"""") &if(and(""melee""=lower($AU8),lower($AT8)<>""unarmed"",isnumber(find(""two-handed"",lower($R8&$BA8)))),"" """&"&gwfText,"""") &if(and(isnumber(find(""offhand"",lower($R8))),twoWeaponFighting),"" ""&twfText,"""") &if(and(lower($AU8)=""ranged"",lower($AT8)<>""spell""),if(archeryText<>"""","" ""&archeryText,"""")&if(closeQuartersText<>"""","" ""&closeQuartersText,"""&"""),"""") &if(isnumber(find(""thrown"",lower($BA8))),"" ""&thrownText,""""),"" -""),""+0"","""")")," -") -> - | AC8: =IMAGE("http://i.imgur.com/qlVxTyw.png",3) | AD8: =IFERROR(__xludf.DUMMYFUNCTION("if(and(proficiencyBonus,$AQ19<>"""",$BC19<>""-""), if(or( isnumber(find(""unarmed"",lower($AT19))), isnumber(find(""natural"",lower($AT19))), isnumber(find(""spell"",lower($AT19))), and(isnum"&"ber(find(""improvised"",lower($AQ19))),isnumber(find(""brawler"",feats))), isnumber(find(lower($AT19),lower(weaponProficiencies))), not(isna(filter(arrayformula(trim(split(lower(weaponProficiencies),"",""))),isnumber(find(array"&"formula(trim(split(lower(weaponProficiencies),"",""))),lower($AQ19)))))) ), proficiencyBonus, 0 ) +if(lower($AU19)=""ranged"",archery+closeQuarters,0) +if(isnumber(find(""spell"",lower($AT19))),v2.1"&"!$AR$91,0) +$BC19, ""-"" )"),"-") -> - | AG8: =IMAGE("http://i.imgur.com/qlVxTyw.png",3) | AH8: =IFERROR(__xludf.DUMMYFUNCTION("substitute(if(and($AQ19<>"""",proficiencyBonus<>""""), $AR19&if(and(""melee""=lower($AU19),lower($AT19)<>""unarmed"",isnumber(find(""two-handed"",lower($W8&$BA19)))),greatWeaponFighting,"""") &if($AR19<>0,""+"" &if($BB19<>""〇"",$BC19,if($AW19<>""-"",$AW1"&"9,0)) +int(iferror(regexextract(regexextract(Additional!$AR$79,""proficiency with[a-z ]+""&lower(array_constrain(filter('Attack Info'!$B$7:$B81,'Attack Info'!$B$7:$B81<>"""",isnumber(find(lower('Attack Info'!$B$7:$B81),lower($AQ19)))),1,1))&""[a-z, ]+\+[0"&"-9]+ bonus to damage[a-z ]+with such weapons""),""[0-9]+?""),0)) +int(iferror(regexextract(regexextract(Additional!$AR$79,""\+[0-9] bonus to damage[a-z ]+""&lower(array_constrain(filter('Attack Info'!$B$7:$B81,'Attack Info'!$B$7:$B81<>"""",isnumber(find(l"&"ower('Attack Info'!$B$7:$B81),lower($AQ19)))),1,1))),""[0-9]+?""),0)) +if(and(isnumber(find(""melee"",lower($AU19))),iserror(find(""unarmed"",lower($AT19))),iserror(find(""natural"",lower($AT19))),iserror(find(""two-handed"",lower($W8&$BA19)))),dueling,0)"&" +if(isnumber(find(""thrown"",lower($BA19))),thrown,0) &""[""&$AS19&""]"","""") &if(and(PaladinLevel>=11,isnumber(find(""melee"",lower($AU19))),isnumber(find(lower($AT19),""simplemartial""))),""+1d8[radiant]"","""") &if($AX19<>""-"",""+""&$AX19&""[""&$AY1"&"9&""]"","""") &if(and(isnumber(find(""pact"",lower($AQ19))),isnumber(find(""lifedrinker"",lower(invocations)))),""+""&chaMod&""[necrotic]"","""") &""|***""&textjoin("" "",True,if(and($AT19<>""-"",$AT19<>""Spell""),$AT19,""""),if($AU19<>""-"",$AU19,""""),i"&"f($AT19=""Spell"",$AT19,if(and($AT19<>""Unarmed"",$AT19<>""Natural""),""Weapon"","""")))&"" Attack.***"" &if($BA19<>""-"","" ""&$BA19,"""") &if(and(isnumber(find(""melee"",lower($AU19))),iserror(find(""unarmed"",lower($AT19))),iserror(find(""natural"",low"&"er($AT19))),iserror(find(""two-handed"",lower($W8&$AV19)))),"" ""&duelingText,"""") &if(and(or(lower($AT19)=""unarmed"",lower($AT19)=""natural""),unarmedFighting),"" ""&unarmedText,"""") &if(and(""melee""=lower($AU19),lower($AT19)<>""unarmed"",isnumber(fi"&"nd(""two-handed"",lower($W8&$BA19)))),"" ""&gwfText,"""") &if(and(isnumber(find(""offhand"",lower($W8))),twoWeaponFighting),"" ""&twfText,"""") &if(and(lower($AU19)=""ranged"",lower($AT19)<>""spell""),if(archeryText<>"""","" ""&archeryText,"""")&if(closeQ"&"uartersText<>"""","" ""&closeQuartersText,""""),"""") &if(isnumber(find(""thrown"",lower($BA19))),"" ""&thrownText,""""),"" -""),""+0"","""")")," -") -> - | AQ8: =IFERROR(__xludf.DUMMYFUNCTION("iferror(array_constrain(split(textjoin(""~"",True,filter('Attack Info'!$B$7:$AN81,'Attack Info'!$B$7:$B81<>"""",lower('Attack Info'!$B$7:$B81)=lower(B8))),""~""),1,12),"""")"),"") | BC8: {=if(and(strMod<>"-",dexMod<>"-"),if($AQ8<>"",if($AW8<>"-",$AW8,0) +if(isnumber(find(lower($AZ8),"strdexconintwischa")),if(indirect(lower($AZ8)&"Mod")<>"-",indirect(lower($AZ8)&"Mod"),0), if(or(isnumber(find("finesse",lower($BA8))),and($AV8<>"〇",MonkLevel<>"",MonkLevel>0)),max(strMod,dexMod),if(lower($AU8)="ranged",dexMod,strMod))),""),"-")}
H9: =IMAGE("http://i.imgur.com/qlVxTyw.png",3) | I9: =IFERROR(__xludf.DUMMYFUNCTION("if(and(proficiencyBonus,$AQ9<>"""",$BC9<>""-""), if(or( isnumber(find(""unarmed"",lower($AT9))), isnumber(find(""natural"",lower($AT9))), isnumber(find(""spell"",lower($AT9))), and(isnumber(f"&"ind(""improvised"",lower($AQ9))),isnumber(find(""brawler"",feats))), isnumber(find(lower($AT9),lower(weaponProficiencies))), not(isna(filter(arrayformula(trim(split(lower(weaponProficiencies),"",""))),isnumber(find(arrayformula"&"(trim(split(lower(weaponProficiencies),"",""))),lower($AQ9)))))) ), proficiencyBonus, 0 ) +if(lower($AU9)=""ranged"",archery+closeQuarters,0) +if(isnumber(find(""spell"",lower($AT9))),v2.1!$AR$91,0)"&" +$BC9, ""-"" )"),"-") -> - | L9: =IMAGE("http://i.imgur.com/qlVxTyw.png",3) | M9: =IFERROR(__xludf.DUMMYFUNCTION("substitute(if(and($AQ9<>"""",proficiencyBonus<>""""), $AR9&if(and(""melee""=lower($AU9),lower($AT9)<>""unarmed"",isnumber(find(""two-handed"",lower($R9&$BA9)))),greatWeaponFighting,"""") &if($AR9<>0,""+"" &if($BB9<>""〇"",$BC9,if($AW9<>""-"",$AW9,0)) +int"&"(iferror(regexextract(regexextract(Additional!$AR$79,""proficiency with[a-z ]+""&lower(array_constrain(filter('Attack Info'!$B$7:$B81,'Attack Info'!$B$7:$B81<>"""",isnumber(find(lower('Attack Info'!$B$7:$B81),lower($AQ9)))),1,1))&""[a-z, ]+\+[0-9]+ bonus "&"to damage[a-z ]+with such weapons""),""[0-9]+?""),0)) +int(iferror(regexextract(regexextract(Additional!$AR$79,""\+[0-9] bonus to damage[a-z ]+""&lower(array_constrain(filter('Attack Info'!$B$7:$B81,'Attack Info'!$B$7:$B81<>"""",isnumber(find(lower('Attac"&"k Info'!$B$7:$B81),lower($AQ9)))),1,1))),""[0-9]+?""),0)) +if(and(isnumber(find(""melee"",lower($AU9))),iserror(find(""unarmed"",lower($AT9))),iserror(find(""natural"",lower($AT9))),iserror(find(""two-handed"",lower($R9&$BA9)))),dueling,0) +if(isnumber(fi"&"nd(""thrown"",lower($BA9))),thrown,0) &""[""&$AS9&""]"","""") &if(and(PaladinLevel>=11,isnumber(find(""melee"",lower($AU9))),isnumber(find(lower($AT9),""simplemartial""))),""+1d8[radiant]"","""") &if($AX9<>""-"",""+""&$AX9&""[""&$AY9&""]"","""") &if(and(i"&"snumber(find(""pact"",lower($AQ9))),isnumber(find(""lifedrinker"",lower(invocations)))),""+""&chaMod&""[necrotic]"","""") &""|***""&textjoin("" "",True,if(and($AT9<>""-"",$AT9<>""Spell""),$AT9,""""),if($AU9<>""-"",$AU9,""""),if($AT9=""Spell"",$AT9,if(and("&"$AT9<>""Unarmed"",$AT9<>""Natural""),""Weapon"","""")))&"" Attack.***"" &if($BA9<>""-"","" ""&$BA9,"""") &if(and(isnumber(find(""melee"",lower($AU9))),iserror(find(""unarmed"",lower($AT9))),iserror(find(""natural"",lower($AT9))),iserror(find(""two-handed"&""",lower($R9&$AV9)))),"" ""&duelingText,"""") &if(and(or(lower($AT9)=""unarmed"",lower($AT9)=""natural""),unarmedFighting),"" ""&unarmedText,"""") &if(and(""melee""=lower($AU9),lower($AT9)<>""unarmed"",isnumber(find(""two-handed"",lower($R9&$BA9)))),"" """&"&gwfText,"""") &if(and(isnumber(find(""offhand"",lower($R9))),twoWeaponFighting),"" ""&twfText,"""") &if(and(lower($AU9)=""ranged"",lower($AT9)<>""spell""),if(archeryText<>"""","" ""&archeryText,"""")&if(closeQuartersText<>"""","" ""&closeQuartersText,"""&"""),"""") &if(isnumber(find(""thrown"",lower($BA9))),"" ""&thrownText,""""),"" -""),""+0"","""")")," -") -> - | AC9: =IMAGE("http://i.imgur.com/qlVxTyw.png",3) | AD9: =IFERROR(__xludf.DUMMYFUNCTION("if(and(proficiencyBonus,$AQ20<>"""",$BC20<>""-""), if(or( isnumber(find(""unarmed"",lower($AT20))), isnumber(find(""natural"",lower($AT20))), isnumber(find(""spell"",lower($AT20))), and(isnum"&"ber(find(""improvised"",lower($AQ20))),isnumber(find(""brawler"",feats))), isnumber(find(lower($AT20),lower(weaponProficiencies))), not(isna(filter(arrayformula(trim(split(lower(weaponProficiencies),"",""))),isnumber(find(array"&"formula(trim(split(lower(weaponProficiencies),"",""))),lower($AQ20)))))) ), proficiencyBonus, 0 ) +if(lower($AU20)=""ranged"",archery+closeQuarters,0) +if(isnumber(find(""spell"",lower($AT20))),v2.1"&"!$AR$91,0) +$BC20, ""-"" )"),"-") -> - | AG9: =IMAGE("http://i.imgur.com/qlVxTyw.png",3) | AH9: =IFERROR(__xludf.DUMMYFUNCTION("substitute(if(and($AQ20<>"""",proficiencyBonus<>""""), $AR20&if(and(""melee""=lower($AU20),lower($AT20)<>""unarmed"",isnumber(find(""two-handed"",lower($W9&$BA20)))),greatWeaponFighting,"""") &if($AR20<>0,""+"" &if($BB20<>""〇"",$BC20,if($AW20<>""-"",$AW2"&"0,0)) +int(iferror(regexextract(regexextract(Additional!$AR$79,""proficiency with[a-z ]+""&lower(array_constrain(filter('Attack Info'!$B$7:$B81,'Attack Info'!$B$7:$B81<>"""",isnumber(find(lower('Attack Info'!$B$7:$B81),lower($AQ20)))),1,1))&""[a-z, ]+\+[0"&"-9]+ bonus to damage[a-z ]+with such weapons""),""[0-9]+?""),0)) +int(iferror(regexextract(regexextract(Additional!$AR$79,""\+[0-9] bonus to damage[a-z ]+""&lower(array_constrain(filter('Attack Info'!$B$7:$B81,'Attack Info'!$B$7:$B81<>"""",isnumber(find(l"&"ower('Attack Info'!$B$7:$B81),lower($AQ20)))),1,1))),""[0-9]+?""),0)) +if(and(isnumber(find(""melee"",lower($AU20))),iserror(find(""unarmed"",lower($AT20))),iserror(find(""natural"",lower($AT20))),iserror(find(""two-handed"",lower($W9&$BA20)))),dueling,0)"&" +if(isnumber(find(""thrown"",lower($BA20))),thrown,0) &""[""&$AS20&""]"","""") &if(and(PaladinLevel>=11,isnumber(find(""melee"",lower($AU20))),isnumber(find(lower($AT20),""simplemartial""))),""+1d8[radiant]"","""") &if($AX20<>""-"",""+""&$AX20&""[""&$AY2"&"0&""]"","""") &if(and(isnumber(find(""pact"",lower($AQ20))),isnumber(find(""lifedrinker"",lower(invocations)))),""+""&chaMod&""[necrotic]"","""") &""|***""&textjoin("" "",True,if(and($AT20<>""-"",$AT20<>""Spell""),$AT20,""""),if($AU20<>""-"",$AU20,""""),i"&"f($AT20=""Spell"",$AT20,if(and($AT20<>""Unarmed"",$AT20<>""Natural""),""Weapon"","""")))&"" Attack.***"" &if($BA20<>""-"","" ""&$BA20,"""") &if(and(isnumber(find(""melee"",lower($AU20))),iserror(find(""unarmed"",lower($AT20))),iserror(find(""natural"",low"&"er($AT20))),iserror(find(""two-handed"",lower($W9&$AV20)))),"" ""&duelingText,"""") &if(and(or(lower($AT20)=""unarmed"",lower($AT20)=""natural""),unarmedFighting),"" ""&unarmedText,"""") &if(and(""melee""=lower($AU20),lower($AT20)<>""unarmed"",isnumber(fi"&"nd(""two-handed"",lower($W9&$BA20)))),"" ""&gwfText,"""") &if(and(isnumber(find(""offhand"",lower($W9))),twoWeaponFighting),"" ""&twfText,"""") &if(and(lower($AU20)=""ranged"",lower($AT20)<>""spell""),if(archeryText<>"""","" ""&archeryText,"""")&if(closeQ"&"uartersText<>"""","" ""&closeQuartersText,""""),"""") &if(isnumber(find(""thrown"",lower($BA20))),"" ""&thrownText,""""),"" -""),""+0"","""")")," -") -> - | AQ9: =IFERROR(__xludf.DUMMYFUNCTION("iferror(array_constrain(split(textjoin(""~"",True,filter('Attack Info'!$B$7:$AN81,'Attack Info'!$B$7:$B81<>"""",lower('Attack Info'!$B$7:$B81)=lower(B9))),""~""),1,12),"""")"),"") | BC9: {=if(and(strMod<>"-",dexMod<>"-"),if($AQ9<>"",if($AW9<>"-",$AW9,0) +if(isnumber(find(lower($AZ9),"strdexconintwischa")),if(indirect(lower($AZ9)&"Mod")<>"-",indirect(lower($AZ9)&"Mod"),0), if(or(isnumber(find("finesse",lower($BA9))),and($AV9<>"〇",MonkLevel<>"",MonkLevel>0)),max(strMod,dexMod),if(lower($AU9)="ranged",dexMod,strMod))),""),"-")}
H10: =IMAGE("http://i.imgur.com/qlVxTyw.png",3) | I10: =IFERROR(__xludf.DUMMYFUNCTION("if(and(proficiencyBonus,$AQ10<>"""",$BC10<>""-""), if(or( isnumber(find(""unarmed"",lower($AT10))), isnumber(find(""natural"",lower($AT10))), isnumber(find(""spell"",lower($AT10))), and(isnum"&"ber(find(""improvised"",lower($AQ10))),isnumber(find(""brawler"",feats))), isnumber(find(lower($AT10),lower(weaponProficiencies))), not(isna(filter(arrayformula(trim(split(lower(weaponProficiencies),"",""))),isnumber(find(array"&"formula(trim(split(lower(weaponProficiencies),"",""))),lower($AQ10)))))) ), proficiencyBonus, 0 ) +if(lower($AU10)=""ranged"",archery+closeQuarters,0) +if(isnumber(find(""spell"",lower($AT10))),v2.1"&"!$AR$91,0) +$BC10, ""-"" )"),"-") -> - | L10: =IMAGE("http://i.imgur.com/qlVxTyw.png",3) | M10: =IFERROR(__xludf.DUMMYFUNCTION("substitute(if(and($AQ10<>"""",proficiencyBonus<>""""), $AR10&if(and(""melee""=lower($AU10),lower($AT10)<>""unarmed"",isnumber(find(""two-handed"",lower($R10&$BA10)))),greatWeaponFighting,"""") &if($AR10<>0,""+"" &if($BB10<>""〇"",$BC10,if($AW10<>""-"",$AW"&"10,0)) +int(iferror(regexextract(regexextract(Additional!$AR$79,""proficiency with[a-z ]+""&lower(array_constrain(filter('Attack Info'!$B$7:$B81,'Attack Info'!$B$7:$B81<>"""",isnumber(find(lower('Attack Info'!$B$7:$B81),lower($AQ10)))),1,1))&""[a-z, ]+\+["&"0-9]+ bonus to damage[a-z ]+with such weapons""),""[0-9]+?""),0)) +int(iferror(regexextract(regexextract(Additional!$AR$79,""\+[0-9] bonus to damage[a-z ]+""&lower(array_constrain(filter('Attack Info'!$B$7:$B81,'Attack Info'!$B$7:$B81<>"""",isnumber(find("&"lower('Attack Info'!$B$7:$B81),lower($AQ10)))),1,1))),""[0-9]+?""),0)) +if(and(isnumber(find(""melee"",lower($AU10))),iserror(find(""unarmed"",lower($AT10))),iserror(find(""natural"",lower($AT10))),iserror(find(""two-handed"",lower($R10&$BA10)))),dueling,"&"0) +if(isnumber(find(""thrown"",lower($BA10))),thrown,0) &""[""&$AS10&""]"","""") &if(and(PaladinLevel>=11,isnumber(find(""melee"",lower($AU10))),isnumber(find(lower($AT10),""simplemartial""))),""+1d8[radiant]"","""") &if($AX10<>""-"",""+""&$AX10&""[""&$A"&"Y10&""]"","""") &if(and(isnumber(find(""pact"",lower($AQ10))),isnumber(find(""lifedrinker"",lower(invocations)))),""+""&chaMod&""[necrotic]"","""") &""|***""&textjoin("" "",True,if(and($AT10<>""-"",$AT10<>""Spell""),$AT10,""""),if($AU10<>""-"",$AU10,"""")"&",if($AT10=""Spell"",$AT10,if(and($AT10<>""Unarmed"",$AT10<>""Natural""),""Weapon"","""")))&"" Attack.***"" &if($BA10<>""-"","" ""&$BA10,"""") &if(and(isnumber(find(""melee"",lower($AU10))),iserror(find(""unarmed"",lower($AT10))),iserror(find(""natural"",l"&"ower($AT10))),iserror(find(""two-handed"",lower($R10&$AV10)))),"" ""&duelingText,"""") &if(and(or(lower($AT10)=""unarmed"",lower($AT10)=""natural""),unarmedFighting),"" ""&unarmedText,"""") &if(and(""melee""=lower($AU10),lower($AT10)<>""unarmed"",isnumber"&"(find(""two-handed"",lower($R10&$BA10)))),"" ""&gwfText,"""") &if(and(isnumber(find(""offhand"",lower($R10))),twoWeaponFighting),"" ""&twfText,"""") &if(and(lower($AU10)=""ranged"",lower($AT10)<>""spell""),if(archeryText<>"""","" ""&archeryText,"""")&if(c"&"loseQuartersText<>"""","" ""&closeQuartersText,""""),"""") &if(isnumber(find(""thrown"",lower($BA10))),"" ""&thrownText,""""),"" -""),""+0"","""")")," -") -> - | AC10: =IMAGE("http://i.imgur.com/qlVxTyw.png",3) | AD10: =IFERROR(__xludf.DUMMYFUNCTION("if(and(proficiencyBonus,$AQ21<>"""",$BC21<>""-""), if(or( isnumber(find(""unarmed"",lower($AT21))), isnumber(find(""natural"",lower($AT21))), isnumber(find(""spell"",lower($AT21))), and(isnum"&"ber(find(""improvised"",lower($AQ21))),isnumber(find(""brawler"",feats))), isnumber(find(lower($AT21),lower(weaponProficiencies))), not(isna(filter(arrayformula(trim(split(lower(weaponProficiencies),"",""))),isnumber(find(array"&"formula(trim(split(lower(weaponProficiencies),"",""))),lower($AQ21)))))) ), proficiencyBonus, 0 ) +if(lower($AU21)=""ranged"",archery+closeQuarters,0) +if(isnumber(find(""spell"",lower($AT21))),v2.1"&"!$AR$91,0) +$BC21, ""-"" )"),"-") -> - | AG10: =IMAGE("http://i.imgur.com/qlVxTyw.png",3) | AH10: =IFERROR(__xludf.DUMMYFUNCTION("substitute(if(and($AQ21<>"""",proficiencyBonus<>""""), $AR21&if(and(""melee""=lower($AU21),lower($AT21)<>""unarmed"",isnumber(find(""two-handed"",lower($W10&$BA21)))),greatWeaponFighting,"""") &if($AR21<>0,""+"" &if($BB21<>""〇"",$BC21,if($AW21<>""-"",$AW"&"21,0)) +int(iferror(regexextract(regexextract(Additional!$AR$79,""proficiency with[a-z ]+""&lower(array_constrain(filter('Attack Info'!$B$7:$B81,'Attack Info'!$B$7:$B81<>"""",isnumber(find(lower('Attack Info'!$B$7:$B81),lower($AQ21)))),1,1))&""[a-z, ]+\+["&"0-9]+ bonus to damage[a-z ]+with such weapons""),""[0-9]+?""),0)) +int(iferror(regexextract(regexextract(Additional!$AR$79,""\+[0-9] bonus to damage[a-z ]+""&lower(array_constrain(filter('Attack Info'!$B$7:$B81,'Attack Info'!$B$7:$B81<>"""",isnumber(find("&"lower('Attack Info'!$B$7:$B81),lower($AQ21)))),1,1))),""[0-9]+?""),0)) +if(and(isnumber(find(""melee"",lower($AU21))),iserror(find(""unarmed"",lower($AT21))),iserror(find(""natural"",lower($AT21))),iserror(find(""two-handed"",lower($W10&$BA21)))),dueling,"&"0) +if(isnumber(find(""thrown"",lower($BA21))),thrown,0) &""[""&$AS21&""]"","""") &if(and(PaladinLevel>=11,isnumber(find(""melee"",lower($AU21))),isnumber(find(lower($AT21),""simplemartial""))),""+1d8[radiant]"","""") &if($AX21<>""-"",""+""&$AX21&""[""&$A"&"Y21&""]"","""") &if(and(isnumber(find(""pact"",lower($AQ21))),isnumber(find(""lifedrinker"",lower(invocations)))),""+""&chaMod&""[necrotic]"","""") &""|***""&textjoin("" "",True,if(and($AT21<>""-"",$AT21<>""Spell""),$AT21,""""),if($AU21<>""-"",$AU21,"""")"&",if($AT21=""Spell"",$AT21,if(and($AT21<>""Unarmed"",$AT21<>""Natural""),""Weapon"","""")))&"" Attack.***"" &if($BA21<>""-"","" ""&$BA21,"""") &if(and(isnumber(find(""melee"",lower($AU21))),iserror(find(""unarmed"",lower($AT21))),iserror(find(""natural"",l"&"ower($AT21))),iserror(find(""two-handed"",lower($W10&$AV21)))),"" ""&duelingText,"""") &if(and(or(lower($AT21)=""unarmed"",lower($AT21)=""natural""),unarmedFighting),"" ""&unarmedText,"""") &if(and(""melee""=lower($AU21),lower($AT21)<>""unarmed"",isnumber"&"(find(""two-handed"",lower($W10&$BA21)))),"" ""&gwfText,"""") &if(and(isnumber(find(""offhand"",lower($W10))),twoWeaponFighting),"" ""&twfText,"""") &if(and(lower($AU21)=""ranged"",lower($AT21)<>""spell""),if(archeryText<>"""","" ""&archeryText,"""")&if(c"&"loseQuartersText<>"""","" ""&closeQuartersText,""""),"""") &if(isnumber(find(""thrown"",lower($BA21))),"" ""&thrownText,""""),"" -""),""+0"","""")")," -") -> - | AQ10: =IFERROR(__xludf.DUMMYFUNCTION("iferror(array_constrain(split(textjoin(""~"",True,filter('Attack Info'!$B$7:$AN81,'Attack Info'!$B$7:$B81<>"""",lower('Attack Info'!$B$7:$B81)=lower(B10))),""~""),1,12),"""")"),"") | BC10: {=if(and(strMod<>"-",dexMod<>"-"),if($AQ10<>"",if($AW10<>"-",$AW10,0) +if(isnumber(find(lower($AZ10),"strdexconintwischa")),if(indirect(lower($AZ10)&"Mod")<>"-",indirect(lower($AZ10)&"Mod"),0), if(or(isnumber(find("finesse",lower($BA10))),and($AV10<>"〇",MonkLevel<>"",MonkLevel>0)),max(strMod,dexMod),if(lower($AU10)="ranged",dexMod,strMod))),""),"-")}
H11: =IMAGE("http://i.imgur.com/qlVxTyw.png",3) | I11: =IFERROR(__xludf.DUMMYFUNCTION("if(and(proficiencyBonus,$AQ11<>"""",$BC11<>""-""), if(or( isnumber(find(""unarmed"",lower($AT11))), isnumber(find(""natural"",lower($AT11))), isnumber(find(""spell"",lower($AT11))), and(isnum"&"ber(find(""improvised"",lower($AQ11))),isnumber(find(""brawler"",feats))), isnumber(find(lower($AT11),lower(weaponProficiencies))), not(isna(filter(arrayformula(trim(split(lower(weaponProficiencies),"",""))),isnumber(find(array"&"formula(trim(split(lower(weaponProficiencies),"",""))),lower($AQ11)))))) ), proficiencyBonus, 0 ) +if(lower($AU11)=""ranged"",archery+closeQuarters,0) +if(isnumber(find(""spell"",lower($AT11))),v2.1"&"!$AR$91,0) +$BC11, ""-"" )"),"-") -> - | L11: =IMAGE("http://i.imgur.com/qlVxTyw.png",3) | M11: =IFERROR(__xludf.DUMMYFUNCTION("substitute(if(and($AQ11<>"""",proficiencyBonus<>""""), $AR11&if(and(""melee""=lower($AU11),lower($AT11)<>""unarmed"",isnumber(find(""two-handed"",lower($R11&$BA11)))),greatWeaponFighting,"""") &if($AR11<>0,""+"" &if($BB11<>""〇"",$BC11,if($AW11<>""-"",$AW"&"11,0)) +int(iferror(regexextract(regexextract(Additional!$AR$79,""proficiency with[a-z ]+""&lower(array_constrain(filter('Attack Info'!$B$7:$B81,'Attack Info'!$B$7:$B81<>"""",isnumber(find(lower('Attack Info'!$B$7:$B81),lower($AQ11)))),1,1))&""[a-z, ]+\+["&"0-9]+ bonus to damage[a-z ]+with such weapons""),""[0-9]+?""),0)) +int(iferror(regexextract(regexextract(Additional!$AR$79,""\+[0-9] bonus to damage[a-z ]+""&lower(array_constrain(filter('Attack Info'!$B$7:$B81,'Attack Info'!$B$7:$B81<>"""",isnumber(find("&"lower('Attack Info'!$B$7:$B81),lower($AQ11)))),1,1))),""[0-9]+?""),0)) +if(and(isnumber(find(""melee"",lower($AU11))),iserror(find(""unarmed"",lower($AT11))),iserror(find(""natural"",lower($AT11))),iserror(find(""two-handed"",lower($R11&$BA11)))),dueling,"&"0) +if(isnumber(find(""thrown"",lower($BA11))),thrown,0) &""[""&$AS11&""]"","""") &if(and(PaladinLevel>=11,isnumber(find(""melee"",lower($AU11))),isnumber(find(lower($AT11),""simplemartial""))),""+1d8[radiant]"","""") &if($AX11<>""-"",""+""&$AX11&""[""&$A"&"Y11&""]"","""") &if(and(isnumber(find(""pact"",lower($AQ11))),isnumber(find(""lifedrinker"",lower(invocations)))),""+""&chaMod&""[necrotic]"","""") &""|***""&textjoin("" "",True,if(and($AT11<>""-"",$AT11<>""Spell""),$AT11,""""),if($AU11<>""-"",$AU11,"""")"&",if($AT11=""Spell"",$AT11,if(and($AT11<>""Unarmed"",$AT11<>""Natural""),""Weapon"","""")))&"" Attack.***"" &if($BA11<>""-"","" ""&$BA11,"""") &if(and(isnumber(find(""melee"",lower($AU11))),iserror(find(""unarmed"",lower($AT11))),iserror(find(""natural"",l"&"ower($AT11))),iserror(find(""two-handed"",lower($R11&$AV11)))),"" ""&duelingText,"""") &if(and(or(lower($AT11)=""unarmed"",lower($AT11)=""natural""),unarmedFighting),"" ""&unarmedText,"""") &if(and(""melee""=lower($AU11),lower($AT11)<>""unarmed"",isnumber"&"(find(""two-handed"",lower($R11&$BA11)))),"" ""&gwfText,"""") &if(and(isnumber(find(""offhand"",lower($R11))),twoWeaponFighting),"" ""&twfText,"""") &if(and(lower($AU11)=""ranged"",lower($AT11)<>""spell""),if(archeryText<>"""","" ""&archeryText,"""")&if(c"&"loseQuartersText<>"""","" ""&closeQuartersText,""""),"""") &if(isnumber(find(""thrown"",lower($BA11))),"" ""&thrownText,""""),"" -""),""+0"","""")")," -") -> - | AC11: =IMAGE("http://i.imgur.com/qlVxTyw.png",3) | AD11: =IFERROR(__xludf.DUMMYFUNCTION("if(and(proficiencyBonus,$AQ22<>"""",$BC22<>""-""), if(or( isnumber(find(""unarmed"",lower($AT22))), isnumber(find(""natural"",lower($AT22))), isnumber(find(""spell"",lower($AT22))), and(isnum"&"ber(find(""improvised"",lower($AQ22))),isnumber(find(""brawler"",feats))), isnumber(find(lower($AT22),lower(weaponProficiencies))), not(isna(filter(arrayformula(trim(split(lower(weaponProficiencies),"",""))),isnumber(find(array"&"formula(trim(split(lower(weaponProficiencies),"",""))),lower($AQ22)))))) ), proficiencyBonus, 0 ) +if(lower($AU22)=""ranged"",archery+closeQuarters,0) +if(isnumber(find(""spell"",lower($AT22))),v2.1"&"!$AR$91,0) +$BC22, ""-"" )"),"-") -> - | AG11: =IMAGE("http://i.imgur.com/qlVxTyw.png",3) | AH11: =IFERROR(__xludf.DUMMYFUNCTION("substitute(if(and($AQ22<>"""",proficiencyBonus<>""""), $AR22&if(and(""melee""=lower($AU22),lower($AT22)<>""unarmed"",isnumber(find(""two-handed"",lower($W11&$BA22)))),greatWeaponFighting,"""") &if($AR22<>0,""+"" &if($BB22<>""〇"",$BC22,if($AW22<>""-"",$AW"&"22,0)) +int(iferror(regexextract(regexextract(Additional!$AR$79,""proficiency with[a-z ]+""&lower(array_constrain(filter('Attack Info'!$B$7:$B81,'Attack Info'!$B$7:$B81<>"""",isnumber(find(lower('Attack Info'!$B$7:$B81),lower($AQ22)))),1,1))&""[a-z, ]+\+["&"0-9]+ bonus to damage[a-z ]+with such weapons""),""[0-9]+?""),0)) +int(iferror(regexextract(regexextract(Additional!$AR$79,""\+[0-9] bonus to damage[a-z ]+""&lower(array_constrain(filter('Attack Info'!$B$7:$B81,'Attack Info'!$B$7:$B81<>"""",isnumber(find("&"lower('Attack Info'!$B$7:$B81),lower($AQ22)))),1,1))),""[0-9]+?""),0)) +if(and(isnumber(find(""melee"",lower($AU22))),iserror(find(""unarmed"",lower($AT22))),iserror(find(""natural"",lower($AT22))),iserror(find(""two-handed"",lower($W11&$BA22)))),dueling,"&"0) +if(isnumber(find(""thrown"",lower($BA22))),thrown,0) &""[""&$AS22&""]"","""") &if(and(PaladinLevel>=11,isnumber(find(""melee"",lower($AU22))),isnumber(find(lower($AT22),""simplemartial""))),""+1d8[radiant]"","""") &if($AX22<>""-"",""+""&$AX22&""[""&$A"&"Y22&""]"","""") &if(and(isnumber(find(""pact"",lower($AQ22))),isnumber(find(""lifedrinker"",lower(invocations)))),""+""&chaMod&""[necrotic]"","""") &""|***""&textjoin("" "",True,if(and($AT22<>""-"",$AT22<>""Spell""),$AT22,""""),if($AU22<>""-"",$AU22,"""")"&",if($AT22=""Spell"",$AT22,if(and($AT22<>""Unarmed"",$AT22<>""Natural""),""Weapon"","""")))&"" Attack.***"" &if($BA22<>""-"","" ""&$BA22,"""") &if(and(isnumber(find(""melee"",lower($AU22))),iserror(find(""unarmed"",lower($AT22))),iserror(find(""natural"",l"&"ower($AT22))),iserror(find(""two-handed"",lower($W11&$AV22)))),"" ""&duelingText,"""") &if(and(or(lower($AT22)=""unarmed"",lower($AT22)=""natural""),unarmedFighting),"" ""&unarmedText,"""") &if(and(""melee""=lower($AU22),lower($AT22)<>""unarmed"",isnumber"&"(find(""two-handed"",lower($W11&$BA22)))),"" ""&gwfText,"""") &if(and(isnumber(find(""offhand"",lower($W11))),twoWeaponFighting),"" ""&twfText,"""") &if(and(lower($AU22)=""ranged"",lower($AT22)<>""spell""),if(archeryText<>"""","" ""&archeryText,"""")&if(c"&"loseQuartersText<>"""","" ""&closeQuartersText,""""),"""") &if(isnumber(find(""thrown"",lower($BA22))),"" ""&thrownText,""""),"" -""),""+0"","""")")," -") -> - | AQ11: =IFERROR(__xludf.DUMMYFUNCTION("iferror(array_constrain(split(textjoin(""~"",True,filter('Attack Info'!$B$7:$AN81,'Attack Info'!$B$7:$B81<>"""",lower('Attack Info'!$B$7:$B81)=lower(B11))),""~""),1,12),"""")"),"") | BC11: {=if(and(strMod<>"-",dexMod<>"-"),if($AQ11<>"",if($AW11<>"-",$AW11,0) +if(isnumber(find(lower($AZ11),"strdexconintwischa")),if(indirect(lower($AZ11)&"Mod")<>"-",indirect(lower($AZ11)&"Mod"),0), if(or(isnumber(find("finesse",lower($BA11))),and($AV11<>"〇",MonkLevel<>"",MonkLevel>0)),max(strMod,dexMod),if(lower($AU11)="ranged",dexMod,strMod))),""),"-")}
H12: =IMAGE("http://i.imgur.com/qlVxTyw.png",3) | I12: =IFERROR(__xludf.DUMMYFUNCTION("if(and(proficiencyBonus,$AQ12<>"""",$BC12<>""-""), if(or( isnumber(find(""unarmed"",lower($AT12))), isnumber(find(""natural"",lower($AT12))), isnumber(find(""spell"",lower($AT12))), and(isnum"&"ber(find(""improvised"",lower($AQ12))),isnumber(find(""brawler"",feats))), isnumber(find(lower($AT12),lower(weaponProficiencies))), not(isna(filter(arrayformula(trim(split(lower(weaponProficiencies),"",""))),isnumber(find(array"&"formula(trim(split(lower(weaponProficiencies),"",""))),lower($AQ12)))))) ), proficiencyBonus, 0 ) +if(lower($AU12)=""ranged"",archery+closeQuarters,0) +if(isnumber(find(""spell"",lower($AT12))),v2.1"&"!$AR$91,0) +$BC12, ""-"" )"),"-") -> - | L12: =IMAGE("http://i.imgur.com/qlVxTyw.png",3) | M12: =IFERROR(__xludf.DUMMYFUNCTION("substitute(if(and($AQ12<>"""",proficiencyBonus<>""""), $AR12&if(and(""melee""=lower($AU12),lower($AT12)<>""unarmed"",isnumber(find(""two-handed"",lower($R12&$BA12)))),greatWeaponFighting,"""") &if($AR12<>0,""+"" &if($BB12<>""〇"",$BC12,if($AW12<>""-"",$AW"&"12,0)) +int(iferror(regexextract(regexextract(Additional!$AR$79,""proficiency with[a-z ]+""&lower(array_constrain(filter('Attack Info'!$B$7:$B81,'Attack Info'!$B$7:$B81<>"""",isnumber(find(lower('Attack Info'!$B$7:$B81),lower($AQ12)))),1,1))&""[a-z, ]+\+["&"0-9]+ bonus to damage[a-z ]+with such weapons""),""[0-9]+?""),0)) +int(iferror(regexextract(regexextract(Additional!$AR$79,""\+[0-9] bonus to damage[a-z ]+""&lower(array_constrain(filter('Attack Info'!$B$7:$B81,'Attack Info'!$B$7:$B81<>"""",isnumber(find("&"lower('Attack Info'!$B$7:$B81),lower($AQ12)))),1,1))),""[0-9]+?""),0)) +if(and(isnumber(find(""melee"",lower($AU12))),iserror(find(""unarmed"",lower($AT12))),iserror(find(""natural"",lower($AT12))),iserror(find(""two-handed"",lower($R12&$BA12)))),dueling,"&"0) +if(isnumber(find(""thrown"",lower($BA12))),thrown,0) &""[""&$AS12&""]"","""") &if(and(PaladinLevel>=11,isnumber(find(""melee"",lower($AU12))),isnumber(find(lower($AT12),""simplemartial""))),""+1d8[radiant]"","""") &if($AX12<>""-"",""+""&$AX12&""[""&$A"&"Y12&""]"","""") &if(and(isnumber(find(""pact"",lower($AQ12))),isnumber(find(""lifedrinker"",lower(invocations)))),""+""&chaMod&""[necrotic]"","""") &""|***""&textjoin("" "",True,if(and($AT12<>""-"",$AT12<>""Spell""),$AT12,""""),if($AU12<>""-"",$AU12,"""")"&",if($AT12=""Spell"",$AT12,if(and($AT12<>""Unarmed"",$AT12<>""Natural""),""Weapon"","""")))&"" Attack.***"" &if($BA12<>""-"","" ""&$BA12,"""") &if(and(isnumber(find(""melee"",lower($AU12))),iserror(find(""unarmed"",lower($AT12))),iserror(find(""natural"",l"&"ower($AT12))),iserror(find(""two-handed"",lower($R12&$AV12)))),"" ""&duelingText,"""") &if(and(or(lower($AT12)=""unarmed"",lower($AT12)=""natural""),unarmedFighting),"" ""&unarmedText,"""") &if(and(""melee""=lower($AU12),lower($AT12)<>""unarmed"",isnumber"&"(find(""two-handed"",lower($R12&$BA12)))),"" ""&gwfText,"""") &if(and(isnumber(find(""offhand"",lower($R12))),twoWeaponFighting),"" ""&twfText,"""") &if(and(lower($AU12)=""ranged"",lower($AT12)<>""spell""),if(archeryText<>"""","" ""&archeryText,"""")&if(c"&"loseQuartersText<>"""","" ""&closeQuartersText,""""),"""") &if(isnumber(find(""thrown"",lower($BA12))),"" ""&thrownText,""""),"" -""),""+0"","""")")," -") -> - | AC12: =IMAGE("http://i.imgur.com/qlVxTyw.png",3) | AD12: =IFERROR(__xludf.DUMMYFUNCTION("if(and(proficiencyBonus,$AQ23<>"""",$BC23<>""-""), if(or( isnumber(find(""unarmed"",lower($AT23))), isnumber(find(""natural"",lower($AT23))), isnumber(find(""spell"",lower($AT23))), and(isnum"&"ber(find(""improvised"",lower($AQ23))),isnumber(find(""brawler"",feats))), isnumber(find(lower($AT23),lower(weaponProficiencies))), not(isna(filter(arrayformula(trim(split(lower(weaponProficiencies),"",""))),isnumber(find(array"&"formula(trim(split(lower(weaponProficiencies),"",""))),lower($AQ23)))))) ), proficiencyBonus, 0 ) +if(lower($AU23)=""ranged"",archery+closeQuarters,0) +if(isnumber(find(""spell"",lower($AT23))),v2.1"&"!$AR$91,0) +$BC23, ""-"" )"),"-") -> - | AG12: =IMAGE("http://i.imgur.com/qlVxTyw.png",3) | AH12: =IFERROR(__xludf.DUMMYFUNCTION("substitute(if(and($AQ23<>"""",proficiencyBonus<>""""), $AR23&if(and(""melee""=lower($AU23),lower($AT23)<>""unarmed"",isnumber(find(""two-handed"",lower($W12&$BA23)))),greatWeaponFighting,"""") &if($AR23<>0,""+"" &if($BB23<>""〇"",$BC23,if($AW23<>""-"",$AW"&"23,0)) +int(iferror(regexextract(regexextract(Additional!$AR$79,""proficiency with[a-z ]+""&lower(array_constrain(filter('Attack Info'!$B$7:$B81,'Attack Info'!$B$7:$B81<>"""",isnumber(find(lower('Attack Info'!$B$7:$B81),lower($AQ23)))),1,1))&""[a-z, ]+\+["&"0-9]+ bonus to damage[a-z ]+with such weapons""),""[0-9]+?""),0)) +int(iferror(regexextract(regexextract(Additional!$AR$79,""\+[0-9] bonus to damage[a-z ]+""&lower(array_constrain(filter('Attack Info'!$B$7:$B81,'Attack Info'!$B$7:$B81<>"""",isnumber(find("&"lower('Attack Info'!$B$7:$B81),lower($AQ23)))),1,1))),""[0-9]+?""),0)) +if(and(isnumber(find(""melee"",lower($AU23))),iserror(find(""unarmed"",lower($AT23))),iserror(find(""natural"",lower($AT23))),iserror(find(""two-handed"",lower($W12&$BA23)))),dueling,"&"0) +if(isnumber(find(""thrown"",lower($BA23))),thrown,0) &""[""&$AS23&""]"","""") &if(and(PaladinLevel>=11,isnumber(find(""melee"",lower($AU23))),isnumber(find(lower($AT23),""simplemartial""))),""+1d8[radiant]"","""") &if($AX23<>""-"",""+""&$AX23&""[""&$A"&"Y23&""]"","""") &if(and(isnumber(find(""pact"",lower($AQ23))),isnumber(find(""lifedrinker"",lower(invocations)))),""+""&chaMod&""[necrotic]"","""") &""|***""&textjoin("" "",True,if(and($AT23<>""-"",$AT23<>""Spell""),$AT23,""""),if($AU23<>""-"",$AU23,"""")"&",if($AT23=""Spell"",$AT23,if(and($AT23<>""Unarmed"",$AT23<>""Natural""),""Weapon"","""")))&"" Attack.***"" &if($BA23<>""-"","" ""&$BA23,"""") &if(and(isnumber(find(""melee"",lower($AU23))),iserror(find(""unarmed"",lower($AT23))),iserror(find(""natural"",l"&"ower($AT23))),iserror(find(""two-handed"",lower($W12&$AV23)))),"" ""&duelingText,"""") &if(and(or(lower($AT23)=""unarmed"",lower($AT23)=""natural""),unarmedFighting),"" ""&unarmedText,"""") &if(and(""melee""=lower($AU23),lower($AT23)<>""unarmed"",isnumber"&"(find(""two-handed"",lower($W12&$BA23)))),"" ""&gwfText,"""") &if(and(isnumber(find(""offhand"",lower($W12))),twoWeaponFighting),"" ""&twfText,"""") &if(and(lower($AU23)=""ranged"",lower($AT23)<>""spell""),if(archeryText<>"""","" ""&archeryText,"""")&if(c"&"loseQuartersText<>"""","" ""&closeQuartersText,""""),"""") &if(isnumber(find(""thrown"",lower($BA23))),"" ""&thrownText,""""),"" -""),""+0"","""")")," -") -> - | AQ12: =IFERROR(__xludf.DUMMYFUNCTION("iferror(array_constrain(split(textjoin(""~"",True,filter('Attack Info'!$B$7:$AN81,'Attack Info'!$B$7:$B81<>"""",lower('Attack Info'!$B$7:$B81)=lower(B12))),""~""),1,12),"""")"),"") | BC12: {=if(and(strMod<>"-",dexMod<>"-"),if($AQ12<>"",if($AW12<>"-",$AW12,0) +if(isnumber(find(lower($AZ12),"strdexconintwischa")),if(indirect(lower($AZ12)&"Mod")<>"-",indirect(lower($AZ12)&"Mod"),0), if(or(isnumber(find("finesse",lower($BA12))),and($AV12<>"〇",MonkLevel<>"",MonkLevel>0)),max(strMod,dexMod),if(lower($AU12)="ranged",dexMod,strMod))),""),"-")}
H13: =IMAGE("http://i.imgur.com/qlVxTyw.png",3) | I13: =IFERROR(__xludf.DUMMYFUNCTION("if(and(proficiencyBonus,$AQ13<>"""",$BC13<>""-""), if(or( isnumber(find(""unarmed"",lower($AT13))), isnumber(find(""natural"",lower($AT13))), isnumber(find(""spell"",lower($AT13))), and(isnum"&"ber(find(""improvised"",lower($AQ13))),isnumber(find(""brawler"",feats))), isnumber(find(lower($AT13),lower(weaponProficiencies))), not(isna(filter(arrayformula(trim(split(lower(weaponProficiencies),"",""))),isnumber(find(array"&"formula(trim(split(lower(weaponProficiencies),"",""))),lower($AQ13)))))) ), proficiencyBonus, 0 ) +if(lower($AU13)=""ranged"",archery+closeQuarters,0) +if(isnumber(find(""spell"",lower($AT13))),v2.1"&"!$AR$91,0) +$BC13, ""-"" )"),"-") -> - | L13: =IMAGE("http://i.imgur.com/qlVxTyw.png",3) | M13: =IFERROR(__xludf.DUMMYFUNCTION("substitute(if(and($AQ13<>"""",proficiencyBonus<>""""), $AR13&if(and(""melee""=lower($AU13),lower($AT13)<>""unarmed"",isnumber(find(""two-handed"",lower($R13&$BA13)))),greatWeaponFighting,"""") &if($AR13<>0,""+"" &if($BB13<>""〇"",$BC13,if($AW13<>""-"",$AW"&"13,0)) +int(iferror(regexextract(regexextract(Additional!$AR$79,""proficiency with[a-z ]+""&lower(array_constrain(filter('Attack Info'!$B$7:$B81,'Attack Info'!$B$7:$B81<>"""",isnumber(find(lower('Attack Info'!$B$7:$B81),lower($AQ13)))),1,1))&""[a-z, ]+\+["&"0-9]+ bonus to damage[a-z ]+with such weapons""),""[0-9]+?""),0)) +int(iferror(regexextract(regexextract(Additional!$AR$79,""\+[0-9] bonus to damage[a-z ]+""&lower(array_constrain(filter('Attack Info'!$B$7:$B81,'Attack Info'!$B$7:$B81<>"""",isnumber(find("&"lower('Attack Info'!$B$7:$B81),lower($AQ13)))),1,1))),""[0-9]+?""),0)) +if(and(isnumber(find(""melee"",lower($AU13))),iserror(find(""unarmed"",lower($AT13))),iserror(find(""natural"",lower($AT13))),iserror(find(""two-handed"",lower($R13&$BA13)))),dueling,"&"0) +if(isnumber(find(""thrown"",lower($BA13))),thrown,0) &""[""&$AS13&""]"","""") &if(and(PaladinLevel>=11,isnumber(find(""melee"",lower($AU13))),isnumber(find(lower($AT13),""simplemartial""))),""+1d8[radiant]"","""") &if($AX13<>""-"",""+""&$AX13&""[""&$A"&"Y13&""]"","""") &if(and(isnumber(find(""pact"",lower($AQ13))),isnumber(find(""lifedrinker"",lower(invocations)))),""+""&chaMod&""[necrotic]"","""") &""|***""&textjoin("" "",True,if(and($AT13<>""-"",$AT13<>""Spell""),$AT13,""""),if($AU13<>""-"",$AU13,"""")"&",if($AT13=""Spell"",$AT13,if(and($AT13<>""Unarmed"",$AT13<>""Natural""),""Weapon"","""")))&"" Attack.***"" &if($BA13<>""-"","" ""&$BA13,"""") &if(and(isnumber(find(""melee"",lower($AU13))),iserror(find(""unarmed"",lower($AT13))),iserror(find(""natural"",l"&"ower($AT13))),iserror(find(""two-handed"",lower($R13&$AV13)))),"" ""&duelingText,"""") &if(and(or(lower($AT13)=""unarmed"",lower($AT13)=""natural""),unarmedFighting),"" ""&unarmedText,"""") &if(and(""melee""=lower($AU13),lower($AT13)<>""unarmed"",isnumber"&"(find(""two-handed"",lower($R13&$BA13)))),"" ""&gwfText,"""") &if(and(isnumber(find(""offhand"",lower($R13))),twoWeaponFighting),"" ""&twfText,"""") &if(and(lower($AU13)=""ranged"",lower($AT13)<>""spell""),if(archeryText<>"""","" ""&archeryText,"""")&if(c"&"loseQuartersText<>"""","" ""&closeQuartersText,""""),"""") &if(isnumber(find(""thrown"",lower($BA13))),"" ""&thrownText,""""),"" -""),""+0"","""")")," -") -> - | AC13: =IMAGE("http://i.imgur.com/qlVxTyw.png",3) | AD13: =IFERROR(__xludf.DUMMYFUNCTION("if(and(proficiencyBonus,$AQ24<>"""",$BC24<>""-""), if(or( isnumber(find(""unarmed"",lower($AT24))), isnumber(find(""natural"",lower($AT24))), isnumber(find(""spell"",lower($AT24))), and(isnum"&"ber(find(""improvised"",lower($AQ24))),isnumber(find(""brawler"",feats))), isnumber(find(lower($AT24),lower(weaponProficiencies))), not(isna(filter(arrayformula(trim(split(lower(weaponProficiencies),"",""))),isnumber(find(array"&"formula(trim(split(lower(weaponProficiencies),"",""))),lower($AQ24)))))) ), proficiencyBonus, 0 ) +if(lower($AU24)=""ranged"",archery+closeQuarters,0) +if(isnumber(find(""spell"",lower($AT24))),v2.1"&"!$AR$91,0) +$BC24, ""-"" )"),"-") -> - | AG13: =IMAGE("http://i.imgur.com/qlVxTyw.png",3) | AH13: =IFERROR(__xludf.DUMMYFUNCTION("substitute(if(and($AQ24<>"""",proficiencyBonus<>""""), $AR24&if(and(""melee""=lower($AU24),lower($AT24)<>""unarmed"",isnumber(find(""two-handed"",lower($W13&$BA24)))),greatWeaponFighting,"""") &if($AR24<>0,""+"" &if($BB24<>""〇"",$BC24,if($AW24<>""-"",$AW"&"24,0)) +int(iferror(regexextract(regexextract(Additional!$AR$79,""proficiency with[a-z ]+""&lower(array_constrain(filter('Attack Info'!$B$7:$B81,'Attack Info'!$B$7:$B81<>"""",isnumber(find(lower('Attack Info'!$B$7:$B81),lower($AQ24)))),1,1))&""[a-z, ]+\+["&"0-9]+ bonus to damage[a-z ]+with such weapons""),""[0-9]+?""),0)) +int(iferror(regexextract(regexextract(Additional!$AR$79,""\+[0-9] bonus to damage[a-z ]+""&lower(array_constrain(filter('Attack Info'!$B$7:$B81,'Attack Info'!$B$7:$B81<>"""",isnumber(find("&"lower('Attack Info'!$B$7:$B81),lower($AQ24)))),1,1))),""[0-9]+?""),0)) +if(and(isnumber(find(""melee"",lower($AU24))),iserror(find(""unarmed"",lower($AT24))),iserror(find(""natural"",lower($AT24))),iserror(find(""two-handed"",lower($W13&$BA24)))),dueling,"&"0) +if(isnumber(find(""thrown"",lower($BA24))),thrown,0) &""[""&$AS24&""]"","""") &if(and(PaladinLevel>=11,isnumber(find(""melee"",lower($AU24))),isnumber(find(lower($AT24),""simplemartial""))),""+1d8[radiant]"","""") &if($AX24<>""-"",""+""&$AX24&""[""&$A"&"Y24&""]"","""") &if(and(isnumber(find(""pact"",lower($AQ24))),isnumber(find(""lifedrinker"",lower(invocations)))),""+""&chaMod&""[necrotic]"","""") &""|***""&textjoin("" "",True,if(and($AT24<>""-"",$AT24<>""Spell""),$AT24,""""),if($AU24<>""-"",$AU24,"""")"&",if($AT24=""Spell"",$AT24,if(and($AT24<>""Unarmed"",$AT24<>""Natural""),""Weapon"","""")))&"" Attack.***"" &if($BA24<>""-"","" ""&$BA24,"""") &if(and(isnumber(find(""melee"",lower($AU24))),iserror(find(""unarmed"",lower($AT24))),iserror(find(""natural"",l"&"ower($AT24))),iserror(find(""two-handed"",lower($W13&$AV24)))),"" ""&duelingText,"""") &if(and(or(lower($AT24)=""unarmed"",lower($AT24)=""natural""),unarmedFighting),"" ""&unarmedText,"""") &if(and(""melee""=lower($AU24),lower($AT24)<>""unarmed"",isnumber"&"(find(""two-handed"",lower($W13&$BA24)))),"" ""&gwfText,"""") &if(and(isnumber(find(""offhand"",lower($W13))),twoWeaponFighting),"" ""&twfText,"""") &if(and(lower($AU24)=""ranged"",lower($AT24)<>""spell""),if(archeryText<>"""","" ""&archeryText,"""")&if(c"&"loseQuartersText<>"""","" ""&closeQuartersText,""""),"""") &if(isnumber(find(""thrown"",lower($BA24))),"" ""&thrownText,""""),"" -""),""+0"","""")")," -") -> - | AQ13: =IFERROR(__xludf.DUMMYFUNCTION("iferror(array_constrain(split(textjoin(""~"",True,filter('Attack Info'!$B$7:$AN81,'Attack Info'!$B$7:$B81<>"""",lower('Attack Info'!$B$7:$B81)=lower(B13))),""~""),1,12),"""")"),"") | BC13: {=if(and(strMod<>"-",dexMod<>"-"),if($AQ13<>"",if($AW13<>"-",$AW13,0) +if(isnumber(find(lower($AZ13),"strdexconintwischa")),if(indirect(lower($AZ13)&"Mod")<>"-",indirect(lower($AZ13)&"Mod"),0), if(or(isnumber(find("finesse",lower($BA13))),and($AV13<>"〇",MonkLevel<>"",MonkLevel>0)),max(strMod,dexMod),if(lower($AU13)="ranged",dexMod,strMod))),""),"-")}
B14: =IFERROR(__xludf.DUMMYFUNCTION("if(counta(iferror(filter(B3:B13,AQ3:AQ13=""""))),""To add custom attacks, go to the 'Attack Info' tab and enter the details for it."",""ADDITIONAL ATTACKS"")"),"ADDITIONAL ATTACKS") -> ADDITIONAL ATTACKS | W14: =IFERROR(__xludf.DUMMYFUNCTION("if(counta(iferror(filter(W3:W13,AQ14:AQ24=""""))),""To add custom attacks, go to the 'Attack Info' tab and enter the details for it."",""MORE ADDITIONAL ATTACKS"")"),"MORE ADDITIONAL ATTACKS") -> MORE ADDITIONAL ATTACKS | AQ14: =IFERROR(__xludf.DUMMYFUNCTION("iferror(array_constrain(split(textjoin(""~"",True,filter('Attack Info'!$B$7:$AN81,'Attack Info'!$B$7:$B81<>"""",lower('Attack Info'!$B$7:$B81)=lower(W3))),""~""),1,12),"""")"),"") | BC14: {=if(and(strMod<>"-",dexMod<>"-"),if($AQ14<>"",if($AW14<>"-",$AW14,0) +if(isnumber(find(lower($AZ14),"strdexconintwischa")),if(indirect(lower($AZ14)&"Mod")<>"-",indirect(lower($AZ14)&"Mod"),0), if(or(isnumber(find("finesse",lower($BA14))),and($AV14<>"〇",MonkLevel<>"",MonkLevel>0)),max(strMod,dexMod),if(lower($AU14)="ranged",dexMod,strMod))),""),"-")}
AQ15: =IFERROR(__xludf.DUMMYFUNCTION("iferror(array_constrain(split(textjoin(""~"",True,filter('Attack Info'!$B$7:$AN81,'Attack Info'!$B$7:$B81<>"""",lower('Attack Info'!$B$7:$B81)=lower(W4))),""~""),1,12),"""")"),"") | BC15: {=if(and(strMod<>"-",dexMod<>"-"),if($AQ15<>"",if($AW15<>"-",$AW15,0) +if(isnumber(find(lower($AZ15),"strdexconintwischa")),if(indirect(lower($AZ15)&"Mod")<>"-",indirect(lower($AZ15)&"Mod"),0), if(or(isnumber(find("finesse",lower($BA15))),and($AV15<>"〇",MonkLevel<>"",MonkLevel>0)),max(strMod,dexMod),if(lower($AU15)="ranged",dexMod,strMod))),""),"-")}
B16: =IMAGE("http://i.imgur.com/36yH7AT.png") | C16: =IMAGE("http://i.imgur.com/P8G3wDB.png",2) | AO16: =IMAGE("http://i.imgur.com/koyMZqk.png") | AQ16: =IFERROR(__xludf.DUMMYFUNCTION("iferror(array_constrain(split(textjoin(""~"",True,filter('Attack Info'!$B$7:$AN81,'Attack Info'!$B$7:$B81<>"""",lower('Attack Info'!$B$7:$B81)=lower(W5))),""~""),1,12),"""")"),"") | BC16: {=if(and(strMod<>"-",dexMod<>"-"),if($AQ16<>"",if($AW16<>"-",$AW16,0) +if(isnumber(find(lower($AZ16),"strdexconintwischa")),if(indirect(lower($AZ16)&"Mod")<>"-",indirect(lower($AZ16)&"Mod"),0), if(or(isnumber(find("finesse",lower($BA16))),and($AV16<>"〇",MonkLevel<>"",MonkLevel>0)),max(strMod,dexMod),if(lower($AU16)="ranged",dexMod,strMod))),""),"-")}
C17: =IMAGE("http://i.imgur.com/VtJcr4w.png",2) | K17: =IMAGE("http://i.imgur.com/GYlWKEy.png",2) | M17: c | U17: =IMAGE("http://i.imgur.com/1atTEws.png",3) | W17: c | AE17: =IMAGE("http://i.imgur.com/1atTEws.png",3) | AG17: c | AQ17: =IFERROR(__xludf.DUMMYFUNCTION("iferror(array_constrain(split(textjoin(""~"",True,filter('Attack Info'!$B$7:$AN81,'Attack Info'!$B$7:$B81<>"""",lower('Attack Info'!$B$7:$B81)=lower(W6))),""~""),1,12),"""")"),"") | BC17: {=if(and(strMod<>"-",dexMod<>"-"),if($AQ17<>"",if($AW17<>"-",$AW17,0) +if(isnumber(find(lower($AZ17),"strdexconintwischa")),if(indirect(lower($AZ17)&"Mod")<>"-",indirect(lower($AZ17)&"Mod"),0), if(or(isnumber(find("finesse",lower($BA17))),and($AV17<>"〇",MonkLevel<>"",MonkLevel>0)),max(strMod,dexMod),if(lower($AU17)="ranged",dexMod,strMod))),""),"-")}
F18: CANTRIPS | M18: c | W18: c | AG18: c | AQ18: =IFERROR(__xludf.DUMMYFUNCTION("iferror(array_constrain(split(textjoin(""~"",True,filter('Attack Info'!$B$7:$AN81,'Attack Info'!$B$7:$B81<>"""",lower('Attack Info'!$B$7:$B81)=lower(W7))),""~""),1,12),"""")"),"") | BC18: {=if(and(strMod<>"-",dexMod<>"-"),if($AQ18<>"",if($AW18<>"-",$AW18,0) +if(isnumber(find(lower($AZ18),"strdexconintwischa")),if(indirect(lower($AZ18)&"Mod")<>"-",indirect(lower($AZ18)&"Mod"),0), if(or(isnumber(find("finesse",lower($BA18))),and($AV18<>"〇",MonkLevel<>"",MonkLevel>0)),max(strMod,dexMod),if(lower($AU18)="ranged",dexMod,strMod))),""),"-")}
M19: c | W19: c | AG19: c | AQ19: =IFERROR(__xludf.DUMMYFUNCTION("iferror(array_constrain(split(textjoin(""~"",True,filter('Attack Info'!$B$7:$AN81,'Attack Info'!$B$7:$B81<>"""",lower('Attack Info'!$B$7:$B81)=lower(W8))),""~""),1,12),"""")"),"") | BC19: {=if(and(strMod<>"-",dexMod<>"-"),if($AQ19<>"",if($AW19<>"-",$AW19,0) +if(isnumber(find(lower($AZ19),"strdexconintwischa")),if(indirect(lower($AZ19)&"Mod")<>"-",indirect(lower($AZ19)&"Mod"),0), if(or(isnumber(find("finesse",lower($BA19))),and($AV19<>"〇",MonkLevel<>"",MonkLevel>0)),max(strMod,dexMod),if(lower($AU19)="ranged",dexMod,strMod))),""),"-")}
AQ20: =IFERROR(__xludf.DUMMYFUNCTION("iferror(array_constrain(split(textjoin(""~"",True,filter('Attack Info'!$B$7:$AN81,'Attack Info'!$B$7:$B81<>"""",lower('Attack Info'!$B$7:$B81)=lower(W9))),""~""),1,12),"""")"),"") | BC20: {=if(and(strMod<>"-",dexMod<>"-"),if($AQ20<>"",if($AW20<>"-",$AW20,0) +if(isnumber(find(lower($AZ20),"strdexconintwischa")),if(indirect(lower($AZ20)&"Mod")<>"-",indirect(lower($AZ20)&"Mod"),0), if(or(isnumber(find("finesse",lower($BA20))),and($AV20<>"〇",MonkLevel<>"",MonkLevel>0)),max(strMod,dexMod),if(lower($AU20)="ranged",dexMod,strMod))),""),"-")}
B21: =IMAGE("http://i.imgur.com/S2iZUIk.png") | C21: 0 | K21: =IMAGE("http://i.imgur.com/YThwbjs.png",3) | M21: 0 | U21: =IMAGE("http://i.imgur.com/YThwbjs.png",3) | W21: 0 | AF21: =IMAGE("http://i.imgur.com/4gaCjL0.png",2) | AM21: =IMAGE("http://i.imgur.com/PtQGPp0.png",2) | AO21: =IMAGE("http://i.imgur.com/jVB4BpP.png") | AQ21: =IFERROR(__xludf.DUMMYFUNCTION("iferror(array_constrain(split(textjoin(""~"",True,filter('Attack Info'!$B$7:$AN81,'Attack Info'!$B$7:$B81<>"""",lower('Attack Info'!$B$7:$B81)=lower(W10))),""~""),1,12),"""")"),"") | BC21: {=if(and(strMod<>"-",dexMod<>"-"),if($AQ21<>"",if($AW21<>"-",$AW21,0) +if(isnumber(find(lower($AZ21),"strdexconintwischa")),if(indirect(lower($AZ21)&"Mod")<>"-",indirect(lower($AZ21)&"Mod"),0), if(or(isnumber(find("finesse",lower($BA21))),and($AV21<>"〇",MonkLevel<>"",MonkLevel>0)),max(strMod,dexMod),if(lower($AU21)="ranged",dexMod,strMod))),""),"-")}
C22: 0 | M22: 0 | W22: 0 | AG22: 1ST LEVEL | AQ22: =IFERROR(__xludf.DUMMYFUNCTION("iferror(array_constrain(split(textjoin(""~"",True,filter('Attack Info'!$B$7:$AN81,'Attack Info'!$B$7:$B81<>"""",lower('Attack Info'!$B$7:$B81)=lower(W11))),""~""),1,12),"""")"),"") | BC22: {=if(and(strMod<>"-",dexMod<>"-"),if($AQ22<>"",if($AW22<>"-",$AW22,0) +if(isnumber(find(lower($AZ22),"strdexconintwischa")),if(indirect(lower($AZ22)&"Mod")<>"-",indirect(lower($AZ22)&"Mod"),0), if(or(isnumber(find("finesse",lower($BA22))),and($AV22<>"〇",MonkLevel<>"",MonkLevel>0)),max(strMod,dexMod),if(lower($AU22)="ranged",dexMod,strMod))),""),"-")}
C23: 0 | M23: 0 | W23: 0 | AQ23: =IFERROR(__xludf.DUMMYFUNCTION("iferror(array_constrain(split(textjoin(""~"",True,filter('Attack Info'!$B$7:$AN81,'Attack Info'!$B$7:$B81<>"""",lower('Attack Info'!$B$7:$B81)=lower(W12))),""~""),1,12),"""")"),"") | BC23: {=if(and(strMod<>"-",dexMod<>"-"),if($AQ23<>"",if($AW23<>"-",$AW23,0) +if(isnumber(find(lower($AZ23),"strdexconintwischa")),if(indirect(lower($AZ23)&"Mod")<>"-",indirect(lower($AZ23)&"Mod"),0), if(or(isnumber(find("finesse",lower($BA23))),and($AV23<>"〇",MonkLevel<>"",MonkLevel>0)),max(strMod,dexMod),if(lower($AU23)="ranged",dexMod,strMod))),""),"-")}
C24: 0 | M24: 0 | W24: 0 | AQ24: =IFERROR(__xludf.DUMMYFUNCTION("iferror(array_constrain(split(textjoin(""~"",True,filter('Attack Info'!$B$7:$AN81,'Attack Info'!$B$7:$B81<>"""",lower('Attack Info'!$B$7:$B81)=lower(W13))),""~""),1,12),"""")"),"") | BC24: {=if(and(strMod<>"-",dexMod<>"-"),if($AQ24<>"",if($AW24<>"-",$AW24,0) +if(isnumber(find(lower($AZ24),"strdexconintwischa")),if(indirect(lower($AZ24)&"Mod")<>"-",indirect(lower($AZ24)&"Mod"),0), if(or(isnumber(find("finesse",lower($BA24))),and($AV24<>"〇",MonkLevel<>"",MonkLevel>0)),max(strMod,dexMod),if(lower($AU24)="ranged",dexMod,strMod))),""),"-")}
C25: 0 | M25: 0 | W25: 0
B27: =IMAGE("http://i.imgur.com/S2iZUIk.png") | C27: =IMAGE("http://i.imgur.com/DbudP1A.png",2) | K27: =IMAGE("http://i.imgur.com/GYlWKEy.png",2) | M27: 0 | U27: =IMAGE("http://i.imgur.com/YThwbjs.png",3) | W27: 0 | AE27: =IMAGE("http://i.imgur.com/YThwbjs.png",3) | AG27: 0 | AO27: =IMAGE("http://i.imgur.com/jVB4BpP.png")
E28: 2ND LEVEL | M28: 0 | W28: 0 | AG28: 0
M29: 0 | W29: 0 | AG29: 0
M30: 0 | W30: 0 | AG30: 0
M31: 0 | W31: 0 | AG31: 0
V32: =if(E28="","You can hide each level of spells individually by hiding the rows (on the left).","")
B33: =IMAGE("http://i.imgur.com/S2iZUIk.png") | C33: 0 | K33: =IMAGE("http://i.imgur.com/YThwbjs.png",3) | M33: 0 | U33: =IMAGE("http://i.imgur.com/YThwbjs.png",3) | W33: 0 | AF33: =IMAGE("http://i.imgur.com/4gaCjL0.png",2) | AM33: =IMAGE("http://i.imgur.com/VunFGZ6.png",2) | AO33: =IMAGE("http://i.imgur.com/jVB4BpP.png")
C34: 0 | M34: 0 | W34: 0 | AG34: 3RD LEVEL
C35: 0 | M35: 0 | W35: 0
C36: 0 | M36: 0 | W36: 0
C37: 0 | M37: 0 | W37: 0
B39: =IMAGE("http://i.imgur.com/DhOsDAQ.png") | C39: =IMAGE("http://i.imgur.com/fhNGYbL.png",2) | K39: =IMAGE("http://i.imgur.com/GYlWKEy.png",2) | M39: 0 | U39: =IMAGE("http://i.imgur.com/1atTEws.png",3) | W39: 0 | AE39: =IMAGE("http://i.imgur.com/1atTEws.png",3) | AG39: 0 | AO39: =IMAGE("http://i.imgur.com/NNIwrh4.png",3)
E40: 4TH LEVEL | M40: 0 | W40: 0 | AG40: 0
M41: 0 | W41: 0 | AG41: 0
M42: 0 | W42: 0 | AG42: 0
B44: =IMAGE("http://i.imgur.com/DhOsDAQ.png") | C44: 0 | K44: =IMAGE("http://i.imgur.com/1atTEws.png",3) | M44: 0 | U44: =IMAGE("http://i.imgur.com/1atTEws.png",3) | W44: 0 | AF44: =IMAGE("http://i.imgur.com/4gaCjL0.png",2) | AM44: =IMAGE("http://i.imgur.com/lP8Znaf.png",2) | AO44: =IMAGE("http://i.imgur.com/NNIwrh4.png",3)
C45: 0 | M45: 0 | W45: 0 | AG45: 5TH LEVEL
C46: 0 | M46: 0 | W46: 0
C47: 0 | M47: 0 | W47: 0
B49: =IMAGE("http://i.imgur.com/DhOsDAQ.png") | C49: =IMAGE("http://i.imgur.com/NJZrETt.png",2) | K49: =IMAGE("http://i.imgur.com/GYlWKEy.png",2) | M49: 0 | U49: =IMAGE("http://i.imgur.com/1atTEws.png",3) | W49: 0 | AE49: =IMAGE("http://i.imgur.com/1atTEws.png",3) | AG49: 0 | AO49: =IMAGE("http://i.imgur.com/NNIwrh4.png",3)
E50: 6TH LEVEL | M50: 0 | W50: 0 | AG50: 0
M51: 0 | W51: 0 | AG51: 0
M52: 0 | W52: 0 | AG52: 0
B54: =IMAGE("http://i.imgur.com/BMbfOFs.png") | C54: 0 | K54: =IMAGE("http://i.imgur.com/1atTEws.png",3) | M54: 0 | U54: =IMAGE("http://i.imgur.com/1atTEws.png",3) | W54: 0 | AF54: =IMAGE("http://i.imgur.com/4gaCjL0.png",2) | AM54: =IMAGE("http://i.imgur.com/OR783hS.png",2) | AO54: =IMAGE("http://i.imgur.com/Pb1Q0X9.png")
C55: 0 | M55: 0 | W55: 0 | AG55: 7TH LEVEL
C56: 0 | M56: 0 | W56: 0
B58: =IMAGE("http://i.imgur.com/BMbfOFs.png") | C58: =IMAGE("http://i.imgur.com/L1yfsX1.png",2) | K58: =IMAGE("http://i.imgur.com/GYlWKEy.png",2) | M58: 0 | U58: =IMAGE("http://i.imgur.com/1atTEws.png",3) | W58: 0 | AE58: =IMAGE("http://i.imgur.com/1atTEws.png",3) | AG58: 0 | AO58: =IMAGE("http://i.imgur.com/Pb1Q0X9.png")
E59: 8TH LEVEL | M59: 0 | W59: 0 | AG59: 0
M60: 0 | W60: 0 | AG60: 0
B62: =IMAGE("http://i.imgur.com/BMbfOFs.png") | C62: 0 | K62: =IMAGE("http://i.imgur.com/1atTEws.png",3) | M62: 0 | U62: =IMAGE("http://i.imgur.com/1atTEws.png",3) | W62: 0 | AF62: =IMAGE("http://i.imgur.com/4gaCjL0.png",2) | AM62: =IMAGE("http://i.imgur.com/xud2MwT.png",2) | AO62: =IMAGE("http://i.imgur.com/Pb1Q0X9.png")
C63: 0 | M63: 0 | W63: 0 | AG63: 9TH LEVEL
C64: 0 | M64: 0 | W64: 0
B66: =IMAGE("http://i.imgur.com/MaFA5BQ.png",2) | AQ66: bludgeoning | AR66: =IFERROR(__xludf.DUMMYFUNCTION("arrayformula(if(regexmatch(AR79,""resist[a-z ]+?""&AQ66:AQ78&""[a-z ]+?damage""), if(find(""damage"",regexextract(AR79,""resist[a-z ]+?""&AQ66:AQ78&""[a-z ]+?damage""))>find(AQ66:AQ78,regexextract(AR79,""resist[a-z ]+?""&AQ66:AQ78&""[a-z ]+?damage"")),r"&"egexextract(AR79,""resist[a-z ]+?""&AQ66:AQ78&""[a-z ]+?damage""),""""),"""") &if(isnumber(find(AQ66:AQ78,""bludgeoningpiercingslashing"")), if(regexmatch(AR79,""resist[a-z ]+?no[a-z ]+?magical[a-z ]+?damage""), if(find(""damage"",regexextract(AR79,"&"""resist[a-z ]+?no[a-z ]+?magical[a-z ]+?damage""))>find(""magical"",regexextract(AR79,""resist[a-z ]+?no[a-z ]+?magical[a-z ]+?damage"")),regexextract(AR79,""resist[a-z ]+?no[a-z ]+?magical[a-z ]+?damage""),""""),""""),""""))"),"") | AS66: =IFERROR(__xludf.DUMMYFUNCTION("arrayformula(if(regexmatch(AR79,""immun[a-z ]+?""&AQ66:AQ78&""[a-z ]+?damage""), if(find(""damage"",regexextract(AR79,""immun[a-z ]+?""&AQ66:AQ78&""[a-z ]+?damage""))>find(AQ66:AQ78,regexextract(AR79,""immun[a-z ]+?""&AQ66:AQ78&""[a-z ]+?damage"")),rege"&"xextract(AR79,""immun[a-z ]+?""&AQ66:AQ78&""[a-z ]+?damage""),""""),"""") &if(isnumber(find(AQ66:AQ78,""bludgeoningpiercingslashing"")), if(regexmatch(AR79,""immun[a-z ]+?no[a-z ]+?magical[a-z ]+?damage""), if(find(""damage"",regexextract(AR79,""immu"&"n[a-z ]+?no[a-z ]+?magical[a-z ]+?damage""))>find(""magical"",regexextract(AR79,""immun[a-z ]+?no[a-z ]+?magical[a-z ]+?damage"")),regexextract(AR79,""immun[a-z ]+?no[a-z ]+?magical[a-z ]+?damage""),""""),""""),""""))"),"") | AT66: =IFERROR(__xludf.DUMMYFUNCTION("arrayformula(if(regexmatch(AR79,""vulner[a-z ]+?""&AQ66:AQ78&""[a-z ]+?damage""), if(find(""damage"",regexextract(AR79,""vulner[a-z ]+?""&AQ66:AQ78&""[a-z ]+?damage""))>find(AQ66:AQ78,regexextract(AR79,""vulner[a-z ]+?""&AQ66:AQ78&""[a-z ]+?damage"")),r"&"egexextract(AR79,""vulner[a-z ]+?""&AQ66:AQ78&""[a-z ]+?damage""),""""),""""))"),"") | AU66: {=if(isnumber(find("nonmagical",AR66:AR78)),"Nonmagical ","")&AQ66:AQ78} -> bludgeoning | AV66: {=if(isnumber(find("nonmagical",AS66:AS78)),"Nonmagical ","")&AQ66:AQ78} -> bludgeoning
B67: =IMAGE("https://i.imgur.com/dLCrlMP.png",1) | R67: =IMAGE("https://i.imgur.com/UEkMpNa.png",1) | S67: =IMAGE("https://i.imgur.com/dLCrlMP.png",1) | AO67: =IMAGE("https://i.imgur.com/UEkMpNa.png",1) | AQ67: piercing | AR67: =IFERROR(__xludf.DUMMYFUNCTION("""COMPUTED_VALUE"""),"") | AS67: =IFERROR(__xludf.DUMMYFUNCTION("""COMPUTED_VALUE"""),"") | AT67: =IFERROR(__xludf.DUMMYFUNCTION("""COMPUTED_VALUE"""),"") | AU67: piercing | AV67: piercing
C68: CLASS | N68: LEVEL | T68: RESISTANCES | AB68: IMMUNITIES | AI68: VULNERABILITIES | AQ68: slashing | AR68: =IFERROR(__xludf.DUMMYFUNCTION("""COMPUTED_VALUE"""),"") | AS68: =IFERROR(__xludf.DUMMYFUNCTION("""COMPUTED_VALUE"""),"") | AT68: =IFERROR(__xludf.DUMMYFUNCTION("""COMPUTED_VALUE"""),"") | AU68: slashing | AV68: slashing
C69: {=substitute(v2.1!$AR$6:$AR$15," ","")} -> Wizard | M69: =IMAGE("http://i.imgur.com/qlVxTyw.png",3) | N69: {=if(C69:C78<>"",vlookup(C69:C78,v2.1!AR6:AT15,3,false),"")} -> 8 | T69: =IFERROR(__xludf.DUMMYFUNCTION("iferror(filter(proper(AU66:AU78),AR66:AR78<>"""",AS66:AS78="""",AT66:AT78=""""),"""")"),"") | AA69: =IMAGE("http://i.imgur.com/qlVxTyw.png",3) | AB69: =IFERROR(__xludf.DUMMYFUNCTION("iferror(filter(proper(AV66:AV78),AS66:AS78<>""""),"""")"),"") | AH69: =IMAGE("http://i.imgur.com/qlVxTyw.png",3) | AI69: =IFERROR(__xludf.DUMMYFUNCTION("iferror(filter(proper(AQ66:AQ78),AR66:AR78="""",AS66:AS78="""",AT66:AT78<>""""),"""")"),"") | AQ69: acid | AR69: =IFERROR(__xludf.DUMMYFUNCTION("""COMPUTED_VALUE"""),"") | AS69: =IFERROR(__xludf.DUMMYFUNCTION("""COMPUTED_VALUE"""),"") | AT69: =IFERROR(__xludf.DUMMYFUNCTION("""COMPUTED_VALUE"""),"") | AU69: acid | AV69: acid
M70: =IMAGE("http://i.imgur.com/qlVxTyw.png",3) | AA70: =IMAGE("http://i.imgur.com/qlVxTyw.png",3) | AH70: =IMAGE("http://i.imgur.com/qlVxTyw.png",3) | AQ70: cold | AR70: =IFERROR(__xludf.DUMMYFUNCTION("""COMPUTED_VALUE"""),"") | AS70: =IFERROR(__xludf.DUMMYFUNCTION("""COMPUTED_VALUE"""),"") | AT70: =IFERROR(__xludf.DUMMYFUNCTION("""COMPUTED_VALUE"""),"") | AU70: cold | AV70: cold
M71: =IMAGE("http://i.imgur.com/qlVxTyw.png",3) | AA71: =IMAGE("http://i.imgur.com/qlVxTyw.png",3) | AH71: =IMAGE("http://i.imgur.com/qlVxTyw.png",3) | AQ71: fire | AR71: =IFERROR(__xludf.DUMMYFUNCTION("""COMPUTED_VALUE"""),"") | AS71: =IFERROR(__xludf.DUMMYFUNCTION("""COMPUTED_VALUE"""),"") | AT71: =IFERROR(__xludf.DUMMYFUNCTION("""COMPUTED_VALUE"""),"") | AU71: fire | AV71: fire
M72: =IMAGE("http://i.imgur.com/qlVxTyw.png",3) | AA72: =IMAGE("http://i.imgur.com/qlVxTyw.png",3) | AH72: =IMAGE("http://i.imgur.com/qlVxTyw.png",3) | AQ72: force | AR72: =IFERROR(__xludf.DUMMYFUNCTION("""COMPUTED_VALUE"""),"") | AS72: =IFERROR(__xludf.DUMMYFUNCTION("""COMPUTED_VALUE"""),"") | AT72: =IFERROR(__xludf.DUMMYFUNCTION("""COMPUTED_VALUE"""),"") | AU72: force | AV72: force
M73: =IMAGE("http://i.imgur.com/qlVxTyw.png",3) | AA73: =IMAGE("http://i.imgur.com/qlVxTyw.png",3) | AH73: =IMAGE("http://i.imgur.com/qlVxTyw.png",3) | AQ73: lightning | AR73: =IFERROR(__xludf.DUMMYFUNCTION("""COMPUTED_VALUE"""),"") | AS73: =IFERROR(__xludf.DUMMYFUNCTION("""COMPUTED_VALUE"""),"") | AT73: =IFERROR(__xludf.DUMMYFUNCTION("""COMPUTED_VALUE"""),"") | AU73: lightning | AV73: lightning
M74: =IMAGE("http://i.imgur.com/qlVxTyw.png",3) | AA74: =IMAGE("http://i.imgur.com/qlVxTyw.png",3) | AH74: =IMAGE("http://i.imgur.com/qlVxTyw.png",3) | AQ74: necrotic | AR74: =IFERROR(__xludf.DUMMYFUNCTION("""COMPUTED_VALUE"""),"") | AS74: =IFERROR(__xludf.DUMMYFUNCTION("""COMPUTED_VALUE"""),"") | AT74: =IFERROR(__xludf.DUMMYFUNCTION("""COMPUTED_VALUE"""),"") | AU74: necrotic | AV74: necrotic
M75: =IMAGE("http://i.imgur.com/qlVxTyw.png",3) | AA75: =IMAGE("http://i.imgur.com/qlVxTyw.png",3) | AH75: =IMAGE("http://i.imgur.com/qlVxTyw.png",3) | AQ75: poison | AR75: =IFERROR(__xludf.DUMMYFUNCTION("""COMPUTED_VALUE"""),"") | AS75: =IFERROR(__xludf.DUMMYFUNCTION("""COMPUTED_VALUE"""),"") | AT75: =IFERROR(__xludf.DUMMYFUNCTION("""COMPUTED_VALUE"""),"") | AU75: poison | AV75: poison
M76: =IMAGE("http://i.imgur.com/qlVxTyw.png",3) | AA76: =IMAGE("http://i.imgur.com/qlVxTyw.png",3) | AH76: =IMAGE("http://i.imgur.com/qlVxTyw.png",3) | AQ76: psychic | AR76: =IFERROR(__xludf.DUMMYFUNCTION("""COMPUTED_VALUE"""),"") | AS76: =IFERROR(__xludf.DUMMYFUNCTION("""COMPUTED_VALUE"""),"") | AT76: =IFERROR(__xludf.DUMMYFUNCTION("""COMPUTED_VALUE"""),"") | AU76: psychic | AV76: psychic
M77: =IMAGE("http://i.imgur.com/qlVxTyw.png",3) | AA77: =IMAGE("http://i.imgur.com/qlVxTyw.png",3) | AH77: =IMAGE("http://i.imgur.com/qlVxTyw.png",3) | AQ77: radiant | AR77: =IFERROR(__xludf.DUMMYFUNCTION("""COMPUTED_VALUE"""),"") | AS77: =IFERROR(__xludf.DUMMYFUNCTION("""COMPUTED_VALUE"""),"") | AT77: =IFERROR(__xludf.DUMMYFUNCTION("""COMPUTED_VALUE"""),"") | AU77: radiant | AV77: radiant
